-- phpMyAdmin SQL Dump
-- version 4.2.11
-- http://www.phpmyadmin.net
--
-- Host: 127.0.0.1
-- Generation Time: 30 Apr 2020 pada 15.01
-- Versi Server: 5.6.21
-- PHP Version: 5.6.3

SET SQL_MODE = "NO_AUTO_VALUE_ON_ZERO";
SET time_zone = "+00:00";


/*!40101 SET @OLD_CHARACTER_SET_CLIENT=@@CHARACTER_SET_CLIENT */;
/*!40101 SET @OLD_CHARACTER_SET_RESULTS=@@CHARACTER_SET_RESULTS */;
/*!40101 SET @OLD_COLLATION_CONNECTION=@@COLLATION_CONNECTION */;
/*!40101 SET NAMES utf8 */;

--
-- Database: `db_pemira`
--

-- --------------------------------------------------------

--
-- Struktur dari tabel `admin`
--

CREATE TABLE IF NOT EXISTS `admin` (
  `ID` int(11) NOT NULL,
  `username` varchar(20) COLLATE utf8_unicode_ci NOT NULL,
  `password` varchar(20) COLLATE utf8_unicode_ci NOT NULL,
  `nama` varchar(40) COLLATE utf8_unicode_ci NOT NULL
) ENGINE=MyISAM DEFAULT CHARSET=utf8 COLLATE=utf8_unicode_ci;

--
-- Dumping data untuk tabel `admin`
--

INSERT INTO `admin` (`ID`, `username`, `password`, `nama`) VALUES
(1411010108, 'admin', 'admin', 'MPM'),
(1311010064, 'admin1', 'admin1', 'EkkyP'),
(1, 'eki', 'eki', 'eki');

-- --------------------------------------------------------

--
-- Struktur dari tabel `ca_bem`
--

CREATE TABLE IF NOT EXISTS `ca_bem` (
  `no_urut` int(11) NOT NULL,
  `capres` varchar(50) COLLATE utf8_unicode_ci NOT NULL,
  `sbg` enum('DPM','HIMA') COLLATE utf8_unicode_ci NOT NULL,
  `alamat` text COLLATE utf8_unicode_ci NOT NULL,
  `jurusan` text COLLATE utf8_unicode_ci NOT NULL,
  `rekamjejak` longtext COLLATE utf8_unicode_ci NOT NULL,
  `visi` text COLLATE utf8_unicode_ci NOT NULL,
  `misi` text COLLATE utf8_unicode_ci NOT NULL,
  `foto` text COLLATE utf8_unicode_ci NOT NULL
) ENGINE=MyISAM DEFAULT CHARSET=utf8 COLLATE=utf8_unicode_ci;

--
-- Dumping data untuk tabel `ca_bem`
--

INSERT INTO `ca_bem` (`no_urut`, `capres`, `sbg`, `alamat`, `jurusan`, `rekamjejak`, `visi`, `misi`, `foto`) VALUES
(1, 'Ambar Fisty Setyaningsih', 'DPM', 'Jl.Gerilya RT 04 RW 01 Brani, Sampang , Cilacap', 'Sistem Informasi', '\r\nPrestasi\r\nJuara 2 TU PBB Tingkat Kecamatan Tahun 2014\r\nJuara 2 TU PBB Antar Sekolah Menengah Pertama (SMP) Tahun 2014\r\nJuara 2 Pekan Olahraga Daerah (POPDA) Cabang Olahraga Volly Tahun 2016\r\nJuara 2 Pekan Olahraga Daerah (POPDA) Cabang Olahraga Volly Tahun 2018\r\n\r\nOrganisasi\r\nSeksi Olahraga Organisasi Siswa Intra Sekolah (OSIS)  SMP Tahun 2013-2014\r\nSeksi Hubungan Masyarakat (Humas) IPNU IPPNU Ranting Brani Tahun 2017-2018\r\nSeksi Kaderisasi IPNU IPPNU Ranting Brani Tahun 2019-2020\r\nSekertaris BVC( Brani Volly Club) Tahun 2016 – Sekarang\r\nBendahara Karang Taruna “ Forda Jaya ” Desa Brani Tahun 2018-2023\r\n\r\n          Kepanitian dan Kegiatan Kampus \r\nPanitia Seksi Konsumsi di Telcompetition Tahun 2019\r\nPanitia Goes To Shool (GTS) Tahun 2019\r\nPengabdian Masyarakat ke Desa Sirau Tahun 2020 \r\n', '-', '-', 'Ambar Fisty Setyaningsih.jpg'),
(2, 'DIAN SEPTIYANI', 'DPM', 'Sanggreman RT 01 RW 08 Kec.Rawalo Kab.Banyumas', 'Sistem Informasi', '\r\nRekam Jejak\r\n\r\nPrestasi  \r\nJuara 1 Olimpiade Matematika Tingkat SMK Kabupaten Banyumas tahun 2016\r\nPeringkat 12 Olimpiade Matematika Tingkat SMK Provinsi Jawa Tengah tahun 2016\r\n\r\nOrganisasi\r\nBendahara Organisasi Siswa Intra Sekolah ( OSIS ) Periode Tahun 2016-2017\r\n\r\n          Kepanitian dan Kegiatan Kampus \r\nPanitia Humas di Diesnatalis Sistem Informasi ke 2 tahun 2019\r\nPanitia Goes To Shool (GTS) Tahun 2019\r\nPengabdian Masyarakat ke Desa Banjarnegara Tahun 2019\r\nPengabdian Masyarakat ke Desa Sirau Tahun 2020 \r\n', '-', '-', 'DIAN SEPTIYANI_DPM.jpg'),
(3, 'Nanda Sesty Prastiwi', 'DPM', 'Pamijen RT 01/03, Gang Nakula Kec. Sokaraja Kab. Banyumas', 'Sistem Informasi', '1.	UKM Astralic tahun 2018\r\n2.	Sekretaris IPNU IPPNU tahun 2018/2019\r\n3.	Grup Riset (Sircle) Divisi TKSE 2019/2020\r\n4.	Panitia Goes To School (GTS) tahun 2019\r\n5.	Panitia Diesnatalis Sistem Informasi 2019 Divisi Hubungan Masyarakat tahun 2019\r\n6.	Penelitian Internal bersama dosen dengan tema E-learning 2019/2020\r\n', '-', '-', 'Nanda Sesty Prastiwi.jpg'),
(4, 'Naufal Yusuf Kartiko', 'DPM', 'Jl.Wirasetra No.1 RT 08 RW Desa Wiradadi Kec.Sokaraja Kab. Banyumas', '2018 Teknik Informatika', '2017 Dewan Ambalan Pramuka (Ketua Bidang Kajian Kepramukaan)\r\n2018 Telkomsel Apprentice Program\r\n2019 Dewan Perwakilan Mahasiswa FTII\r\n2019 Inkubator Startup Innocircle', '-', '-', 'Naufal Yusuf Kartiko.png'),
(5, 'Annisa Nurul Jannah', 'DPM', 'Jalan D.I Panjaitan RT 01 RW 02', 'SISTEM INFORMASI', '2014-2018 Forum anak tingkat Kabupaten (Koordinator)\r\n2015-2018 English Community,Sains club dan KIR(Anggota)\r\n2019 DPM FTII(Anggota Badan Diplomasi)\r\n2019-sekarang Karang Taruna(Koordinator)', '-', '-', 'annisanuruljannah.jpg'),
(6, 'Eliana Sachi Mulyono', 'DPM', 'Wisma Teratai', 'Sistem Informasi', '2018 Osis(MPK)\r\n2018 Bantara(Anggota)', '-', '-', 'Eliana Sachi Mulyono.png'),
(7, 'Fadhila Naizita Ihzani', 'DPM', '-', 'Sistem Informasi', 'Tahun 2019 : Volunteer Purwokerto City Run 3\r\nTahun 2019 : Kegiatan Mahasiswa Goes To School (GTS)\r\nTahun 2019 : Panitia Incredible 4.0 \r\n', '-', '-', 'Fadhila Naizita Ihzani.png'),
(8, 'Olivia Ananda Putri', 'DPM', 'Jalan Lesan Pura, Gang Anggrek 2, No. 14 Rt 04 Rw 02 Kelurahan Teluk, Kec. Purwokerto Selatan', 'Sistem Informasi', '1.	UKM SKI IT Telkom Purwokerto Divisi Syiar (Bendahara Syiar)\r\n2.	Sircle (Divisi TKSE) \r\n3.	Panitia Ramadhan Akbar SKI IT Telkom Purwokerto (Bendahara)\r\n4.	Panitia Tabligh Akbar SKI IT Telkom Purwokerto (Bendahara)\r\n5.	Goes To School (GTS) TA 2019/2020\r\n6.	Panitia Business Plan Competition Diesnatalis Sistem Informasi \r\n7.	Koordinator Divisi Konsumsi PHBI SKI IT Telkom Purwokerto \r\n8.	Panitia TODAYS 2019 (Divisi Pendamping Kelompok)\r\n9.	Nominasi 10 Besar Lomba Vlog ITASE 2.0\r\n', '-', '-', 'Olivia Ananda Putri.jpg'),
(9, 'Riky Haryani Ramadhanti', 'DPM', 'Jalan Martireja III Kebontebu, Berkoh, Purwokerto Selatan, Kab. Banyumas, Jawa Tengah', 'Sistem Informasi', '1.	UKM Volly (Anggota)\r\n2.	Business Plan Competition ITASE 2.0\r\n3.	Panitia Incredible 2019 (Divisi Pendamping Kelompok)\r\n4.	Nominasi 10 Besar Lomba Vlog ITASE 2.0\r\n \r\n', '-', '-', 'Riky Haryani Ramadhanti.jpg'),
(10, 'Kunalismah Zainurrohmah', 'DPM', 'Jl.SMP N 5 RT 02 RW 03 Karangklesem, Purwokerto Selatan', 'Sistem Informasi', '-', '-', '-', 'Kunalismah Zainurrohmah.jpg'),
(11, 'Lulasnov Viola Prameswa', 'DPM', 'Perum Karangklesem Jl.Sridadi No.61 RT 02 RW 04 Karangklesem, Purwokerto Selatan ', 'Sistem Informasi', '2012-2013 Paskibraka SMPN 4 Yogyakarta (Sekretaris)\r\n2015-2016 Komisi 6 OSIS SMAN 4 Tangerang (Anggota)\r\n2017-2018 Ekstrakulikuler Debat Konstitusi CIVIC (Wakil Ketua)\r\n2016-2018 Forum Anak Kota Tangerang (Divisi Sosial)\r\n2018-2020 UKM Manggala IT Telkom Purwokerto (Anggota)\r\n2019-2020 DPM FTII', '-', '-', 'Lulasnov Viola Prameswa.jpg');

-- --------------------------------------------------------

--
-- Struktur dari tabel `ca_hima`
--

CREATE TABLE IF NOT EXISTS `ca_hima` (
  `id` int(20) NOT NULL,
  `jurusan` enum('TI','SE','SI','IF','DKV') COLLATE utf8_unicode_ci NOT NULL,
  `no` int(20) NOT NULL,
  `Alamat` longtext COLLATE utf8_unicode_ci NOT NULL,
  `calon_hima` text COLLATE utf8_unicode_ci NOT NULL,
  `visi` text COLLATE utf8_unicode_ci NOT NULL,
  `misi` text COLLATE utf8_unicode_ci NOT NULL,
  `pengalaman` longtext COLLATE utf8_unicode_ci NOT NULL,
  `foto` text COLLATE utf8_unicode_ci NOT NULL
) ENGINE=MyISAM DEFAULT CHARSET=utf8 COLLATE=utf8_unicode_ci;

--
-- Dumping data untuk tabel `ca_hima`
--

INSERT INTO `ca_hima` (`id`, `jurusan`, `no`, `Alamat`, `calon_hima`, `visi`, `misi`, `pengalaman`, `foto`) VALUES
(1, 'DKV', 1, 'Ketua :\r\nJl. A.Yani,Paluh Kemiri Lubuk Pakam Deli Serdang, Sumatera Utara\r\n\r\nWakil :\r\nKp. Kandang RT 07/04 Desa Sukasai Kec.Serang Baru Kab.Bekasi\r\n', 'Sandi Ramadhan\r\nDan\r\nAlip Adhani\r\n', '-', '-', 'Ketua :\r\n• 2016 – 2017 OSIS (Staf Kerohanian)\r\n• 2017 – 2018 Ikatan Remaja Abbasy (Koor SDM)\r\n• 2019 – 2020 Himpunan Mahasiswa Informatika (staff kominfo)\r\nWakil :\r\n• 2017 – 2018 ROHIS (Anggota)\r\n• 2019 – 2020 Generatics Himpunan Mahasiswa Informatika (Anggota)\r\n', 'IF.jpg'),
(1, 'DKV', 2, 'KOTAK KOSONG', 'KOTAK KOSONG', 'KOTAK KOSONG             ', 'KOTAK KOSONG ', 'KOTAK KOSONG', '2.jpg');

-- --------------------------------------------------------

--
-- Struktur dari tabel `hasil_bem`
--

CREATE TABLE IF NOT EXISTS `hasil_bem` (
  `NPM` int(11) NOT NULL,
  `no_urut` int(11) NOT NULL,
  `status` enum('sudah') COLLATE utf8_unicode_ci NOT NULL
) ENGINE=MyISAM DEFAULT CHARSET=utf8 COLLATE=utf8_unicode_ci;

--
-- Dumping data untuk tabel `hasil_bem`
--

INSERT INTO `hasil_bem` (`NPM`, `no_urut`, `status`) VALUES
(17102040, 10, 'sudah'),
(19102284, 2, 'sudah'),
(17102128, 10, 'sudah'),
(18102075, 3, 'sudah'),
(18102102, 3, 'sudah'),
(19102241, 4, 'sudah'),
(19102203, 3, 'sudah'),
(19102229, 3, 'sudah'),
(19102239, 1, 'sudah'),
(19102207, 2, 'sudah'),
(19102258, 3, 'sudah'),
(19102050, 6, 'sudah'),
(19102109, 5, 'sudah'),
(19102038, 11, 'sudah'),
(19102076, 4, 'sudah'),
(17102001, 3, 'sudah'),
(17102020, 3, 'sudah'),
(18102260, 3, 'sudah'),
(18102272, 3, 'sudah'),
(18102275, 3, 'sudah'),
(18102276, 3, 'sudah'),
(19102219, 3, 'sudah'),
(18102141, 9, 'sudah'),
(17102072, 11, 'sudah'),
(17102115, 11, 'sudah'),
(17102106, 11, 'sudah'),
(18102149, 4, 'sudah'),
(19102137, 7, 'sudah'),
(18102134, 4, 'sudah'),
(19102065, 3, 'sudah'),
(19102234, 10, 'sudah'),
(19102078, 3, 'sudah'),
(19102090, 3, 'sudah'),
(19102128, 9, 'sudah'),
(19102208, 3, 'sudah'),
(19102243, 2, 'sudah'),
(19102160, 6, 'sudah'),
(17102154, 4, 'sudah'),
(19102005, 3, 'sudah'),
(19102176, 11, 'sudah'),
(19102124, 4, 'sudah'),
(17102088, 11, 'sudah'),
(17102013, 6, 'sudah'),
(17102014, 9, 'sudah'),
(17102101, 2, 'sudah'),
(17102172, 2, 'sudah'),
(19102294, 3, 'sudah'),
(19102261, 8, 'sudah'),
(17102186, 4, 'sudah'),
(18102059, 4, 'sudah'),
(18102055, 2, 'sudah'),
(18102062, 4, 'sudah'),
(17102109, 4, 'sudah'),
(17102155, 1, 'sudah'),
(19102167, 1, 'sudah'),
(19102198, 7, 'sudah'),
(19102017, 3, 'sudah'),
(19102105, 9, 'sudah'),
(19102288, 10, 'sudah'),
(19102255, 3, 'sudah'),
(19102301, 6, 'sudah'),
(19102244, 2, 'sudah'),
(19102034, 3, 'sudah'),
(18102214, 2, 'sudah'),
(18102188, 3, 'sudah'),
(18102213, 4, 'sudah'),
(18102186, 3, 'sudah'),
(18102194, 2, 'sudah'),
(18102195, 1, 'sudah'),
(18102043, 4, 'sudah'),
(18102008, 11, 'sudah'),
(19102217, 2, 'sudah'),
(19102043, 7, 'sudah'),
(17102054, 6, 'sudah'),
(19102079, 9, 'sudah'),
(19102277, 8, 'sudah'),
(19102218, 1, 'sudah'),
(19102039, 3, 'sudah'),
(19102086, 2, 'sudah'),
(19102190, 4, 'sudah'),
(19102132, 9, 'sudah'),
(19102072, 8, 'sudah'),
(19102085, 1, 'sudah'),
(18102225, 11, 'sudah'),
(18102232, 3, 'sudah'),
(17102015, 3, 'sudah'),
(18102244, 2, 'sudah'),
(17102078, 3, 'sudah'),
(17102025, 3, 'sudah'),
(18102191, 2, 'sudah'),
(19102199, 4, 'sudah'),
(17102047, 11, 'sudah'),
(17102062, 1, 'sudah'),
(17102043, 6, 'sudah'),
(17102174, 10, 'sudah'),
(17102183, 6, 'sudah'),
(18102136, 4, 'sudah'),
(18102087, 11, 'sudah'),
(18102278, 11, 'sudah'),
(18102258, 11, 'sudah'),
(18102257, 4, 'sudah'),
(19102155, 3, 'sudah'),
(19102062, 11, 'sudah'),
(19102275, 3, 'sudah'),
(19102089, 2, 'sudah'),
(19102232, 9, 'sudah'),
(19102184, 3, 'sudah'),
(19102074, 3, 'sudah'),
(19102023, 2, 'sudah'),
(19102225, 4, 'sudah'),
(17102102, 4, 'sudah'),
(19102075, 4, 'sudah'),
(17102059, 6, 'sudah'),
(17102056, 3, 'sudah'),
(17102026, 4, 'sudah'),
(18102263, 3, 'sudah'),
(18102270, 4, 'sudah'),
(19102040, 3, 'sudah'),
(19102051, 3, 'sudah'),
(19102081, 3, 'sudah'),
(18102137, 6, 'sudah'),
(18102122, 1, 'sudah'),
(17102110, 3, 'sudah'),
(16102166, 3, 'sudah'),
(19102212, 3, 'sudah'),
(19102096, 3, 'sudah'),
(19102004, 7, 'sudah'),
(19102253, 3, 'sudah'),
(17102093, 10, 'sudah'),
(17102113, 9, 'sudah'),
(19102144, 3, 'sudah'),
(19102194, 11, 'sudah'),
(19102143, 4, 'sudah'),
(17102008, 11, 'sudah'),
(17102138, 9, 'sudah'),
(17102012, 2, 'sudah'),
(19102152, 3, 'sudah'),
(18102206, 3, 'sudah'),
(19102024, 3, 'sudah'),
(19102188, 3, 'sudah'),
(17102090, 4, 'sudah'),
(18102049, 3, 'sudah'),
(18102045, 4, 'sudah'),
(18102058, 4, 'sudah'),
(19102118, 3, 'sudah'),
(19102011, 4, 'sudah'),
(19102080, 3, 'sudah'),
(19102027, 3, 'sudah'),
(19102226, 3, 'sudah'),
(19102083, 3, 'sudah'),
(19102151, 6, 'sudah'),
(18102204, 11, 'sudah'),
(18102184, 6, 'sudah'),
(18102209, 6, 'sudah'),
(18102197, 5, 'sudah'),
(19102013, 7, 'sudah'),
(19102003, 4, 'sudah'),
(19102036, 3, 'sudah'),
(19102101, 6, 'sudah'),
(19102142, 3, 'sudah'),
(19102213, 11, 'sudah'),
(19102163, 3, 'sudah'),
(19102057, 3, 'sudah'),
(19102174, 4, 'sudah'),
(19102054, 3, 'sudah'),
(17102042, 3, 'sudah'),
(18102223, 7, 'sudah'),
(18102247, 3, 'sudah'),
(18102251, 3, 'sudah'),
(18102252, 3, 'sudah'),
(17102046, 3, 'sudah'),
(17102075, 6, 'sudah'),
(17102144, 9, 'sudah'),
(17102055, 8, 'sudah'),
(18102190, 11, 'sudah'),
(19102066, 3, 'sudah'),
(17102050, 2, 'sudah'),
(17102045, 5, 'sudah'),
(17102076, 5, 'sudah'),
(17102077, 6, 'sudah'),
(18102259, 1, 'sudah'),
(18102273, 1, 'sudah'),
(19102186, 3, 'sudah'),
(19102111, 3, 'sudah'),
(19102177, 3, 'sudah'),
(19102060, 2, 'sudah'),
(19102216, 3, 'sudah'),
(19102279, 2, 'sudah'),
(19102206, 11, 'sudah'),
(19102195, 3, 'sudah'),
(19102046, 4, 'sudah'),
(18102105, 4, 'sudah'),
(19102114, 1, 'sudah'),
(19102178, 4, 'sudah'),
(17102061, 6, 'sudah'),
(17102060, 3, 'sudah'),
(18102266, 3, 'sudah'),
(18102264, 9, 'sudah'),
(18102277, 3, 'sudah'),
(19102263, 3, 'sudah'),
(19102126, 2, 'sudah'),
(18102124, 11, 'sudah'),
(17102112, 11, 'sudah'),
(17102103, 3, 'sudah'),
(19102250, 2, 'sudah'),
(18102113, 3, 'sudah'),
(19102214, 4, 'sudah'),
(19102138, 4, 'sudah'),
(16102172, 4, 'sudah'),
(18102284, 3, 'sudah'),
(19102262, 4, 'sudah'),
(18102095, 8, 'sudah'),
(19102271, 3, 'sudah'),
(19102002, 8, 'sudah'),
(17102099, 4, 'sudah'),
(17102130, 9, 'sudah'),
(17102085, 3, 'sudah'),
(17102100, 1, 'sudah'),
(19102165, 11, 'sudah'),
(17102082, 4, 'sudah'),
(17102002, 3, 'sudah'),
(17102038, 7, 'sudah'),
(17102028, 3, 'sudah'),
(17102066, 3, 'sudah'),
(18102288, 3, 'sudah'),
(19102064, 3, 'sudah'),
(19102061, 1, 'sudah'),
(17102190, 4, 'sudah'),
(18102063, 4, 'sudah'),
(18102038, 4, 'sudah'),
(18102052, 4, 'sudah'),
(18102245, 4, 'sudah'),
(17102178, 4, 'sudah'),
(17102167, 6, 'sudah'),
(17102187, 3, 'sudah'),
(19102131, 3, 'sudah'),
(19102015, 3, 'sudah'),
(19102187, 3, 'sudah'),
(19102205, 4, 'sudah'),
(19102056, 9, 'sudah'),
(19102276, 1, 'sudah'),
(19102097, 2, 'sudah'),
(19102018, 2, 'sudah'),
(18102196, 3, 'sudah'),
(18102201, 2, 'sudah'),
(18102198, 4, 'sudah'),
(18102205, 7, 'sudah'),
(17102094, 11, 'sudah'),
(19102231, 6, 'sudah'),
(17102063, 7, 'sudah'),
(18102009, 11, 'sudah'),
(16102188, 1, 'sudah'),
(19102008, 6, 'sudah'),
(19102182, 8, 'sudah'),
(19102246, 2, 'sudah'),
(19102084, 3, 'sudah'),
(19102071, 3, 'sudah'),
(19102035, 4, 'sudah'),
(19102047, 1, 'sudah'),
(18102253, 1, 'sudah'),
(18102229, 11, 'sudah'),
(18102242, 10, 'sudah'),
(17102071, 3, 'sudah');

-- --------------------------------------------------------

--
-- Struktur dari tabel `hasil_hima`
--

CREATE TABLE IF NOT EXISTS `hasil_hima` (
  `NPM` int(20) NOT NULL,
  `no` int(20) DEFAULT NULL,
  `status` varchar(30) COLLATE utf8_unicode_ci NOT NULL
) ENGINE=MyISAM DEFAULT CHARSET=utf8 COLLATE=utf8_unicode_ci;

--
-- Dumping data untuk tabel `hasil_hima`
--

INSERT INTO `hasil_hima` (`NPM`, `no`, `status`) VALUES
(18102257, 1, 'sudah'),
(18102258, 2, 'sudah'),
(18102278, 2, 'sudah'),
(18102087, 1, 'sudah'),
(18102136, 1, 'sudah'),
(17102183, 2, 'sudah'),
(17102174, 2, 'sudah'),
(17102043, 1, 'sudah'),
(17102062, 1, 'sudah'),
(17102047, 1, 'sudah'),
(19102199, 1, 'sudah'),
(18102191, 1, 'sudah'),
(17102025, 1, 'sudah'),
(17102078, 2, 'sudah'),
(18102244, 1, 'sudah'),
(17102015, 1, 'sudah'),
(18102232, 1, 'sudah'),
(18102225, 2, 'sudah'),
(19102085, 1, 'sudah'),
(19102072, 2, 'sudah'),
(19102132, 1, 'sudah'),
(19102190, 1, 'sudah'),
(19102086, 1, 'sudah'),
(19102039, 1, 'sudah'),
(19102218, 1, 'sudah'),
(19102277, 1, 'sudah'),
(19102079, 1, 'sudah'),
(17102054, 1, 'sudah'),
(19102043, 1, 'sudah'),
(19102217, 1, 'sudah'),
(18102008, 2, 'sudah'),
(18102043, 1, 'sudah'),
(18102195, 1, 'sudah'),
(18102194, 1, 'sudah'),
(18102186, 1, 'sudah'),
(18102213, 1, 'sudah'),
(18102188, 1, 'sudah'),
(18102214, 1, 'sudah'),
(19102034, 1, 'sudah'),
(19102244, 2, 'sudah'),
(19102301, 1, 'sudah'),
(19102255, 2, 'sudah'),
(19102288, 2, 'sudah'),
(19102105, 1, 'sudah'),
(19102017, 1, 'sudah'),
(19102198, 2, 'sudah'),
(19102167, 1, 'sudah'),
(17102155, 1, 'sudah'),
(17102109, 2, 'sudah'),
(18102062, 1, 'sudah'),
(18102055, 1, 'sudah'),
(18102059, 1, 'sudah'),
(17102186, 1, 'sudah'),
(19102261, 1, 'sudah'),
(19102294, 2, 'sudah'),
(17102172, 1, 'sudah'),
(17102101, 2, 'sudah'),
(17102014, 2, 'sudah'),
(17102013, 1, 'sudah'),
(17102088, 2, 'sudah'),
(19102124, 2, 'sudah'),
(19102176, 2, 'sudah'),
(19102005, 1, 'sudah'),
(17102154, 1, 'sudah'),
(19102160, 1, 'sudah'),
(19102243, 2, 'sudah'),
(19102208, 2, 'sudah'),
(19102128, 1, 'sudah'),
(19102090, 1, 'sudah'),
(19102078, 2, 'sudah'),
(19102234, 1, 'sudah'),
(19102065, 2, 'sudah'),
(18102134, 1, 'sudah'),
(19102137, 1, 'sudah'),
(18102149, 1, 'sudah'),
(17102106, 1, 'sudah'),
(17102115, 1, 'sudah'),
(17102072, 1, 'sudah'),
(18102141, 2, 'sudah'),
(19102219, 2, 'sudah'),
(18102276, 1, 'sudah'),
(18102275, 1, 'sudah'),
(18102272, 1, 'sudah'),
(18102260, 1, 'sudah'),
(17102020, 1, 'sudah'),
(17102001, 1, 'sudah'),
(17102040, 1, 'sudah'),
(19102284, 1, 'sudah'),
(17102128, 1, 'sudah'),
(18102075, 2, 'sudah'),
(18102102, 2, 'sudah'),
(19102241, 1, 'sudah'),
(19102203, 1, 'sudah'),
(19102229, 1, 'sudah'),
(19102239, 1, 'sudah'),
(19102207, 1, 'sudah'),
(19102258, 1, 'sudah'),
(19102050, 1, 'sudah'),
(19102109, 1, 'sudah'),
(19102038, 2, 'sudah'),
(19102076, 1, 'sudah'),
(18102273, 1, 'sudah'),
(18102259, 1, 'sudah'),
(17102077, 2, 'sudah'),
(17102076, 2, 'sudah'),
(17102045, 1, 'sudah'),
(17102050, 1, 'sudah'),
(19102066, 1, 'sudah'),
(18102190, 2, 'sudah'),
(17102055, 2, 'sudah'),
(17102144, 2, 'sudah'),
(17102075, 1, 'sudah'),
(17102046, 1, 'sudah'),
(18102252, 1, 'sudah'),
(18102251, 1, 'sudah'),
(18102247, 1, 'sudah'),
(18102223, 1, 'sudah'),
(17102042, 2, 'sudah'),
(19102054, 2, 'sudah'),
(19102174, 1, 'sudah'),
(19102057, 1, 'sudah'),
(19102163, 2, 'sudah'),
(19102213, 2, 'sudah'),
(19102142, 1, 'sudah'),
(19102101, 1, 'sudah'),
(19102036, 1, 'sudah'),
(19102003, 1, 'sudah'),
(19102013, 2, 'sudah'),
(18102197, 1, 'sudah'),
(18102209, 1, 'sudah'),
(18102184, 2, 'sudah'),
(18102204, 1, 'sudah'),
(19102151, 1, 'sudah'),
(19102083, 1, 'sudah'),
(19102226, 1, 'sudah'),
(19102027, 1, 'sudah'),
(19102080, 2, 'sudah'),
(19102011, 2, 'sudah'),
(19102118, 1, 'sudah'),
(18102058, 1, 'sudah'),
(18102045, 2, 'sudah'),
(18102049, 1, 'sudah'),
(17102090, 2, 'sudah'),
(19102188, 1, 'sudah'),
(19102024, 1, 'sudah'),
(18102206, 1, 'sudah'),
(19102152, 1, 'sudah'),
(17102012, 1, 'sudah'),
(17102138, 1, 'sudah'),
(17102008, 2, 'sudah'),
(19102143, 2, 'sudah'),
(19102194, 2, 'sudah'),
(19102144, 2, 'sudah'),
(17102113, 2, 'sudah'),
(17102093, 1, 'sudah'),
(19102253, 1, 'sudah'),
(19102004, 2, 'sudah'),
(19102096, 1, 'sudah'),
(19102212, 1, 'sudah'),
(16102166, 2, 'sudah'),
(17102110, 1, 'sudah'),
(18102122, 1, 'sudah'),
(18102137, 1, 'sudah'),
(19102081, 2, 'sudah'),
(19102051, 2, 'sudah'),
(19102040, 2, 'sudah'),
(18102270, 2, 'sudah'),
(18102263, 2, 'sudah'),
(17102026, 1, 'sudah'),
(17102056, 1, 'sudah'),
(17102059, 1, 'sudah'),
(19102075, 2, 'sudah'),
(17102102, 1, 'sudah'),
(19102225, 1, 'sudah'),
(19102023, 2, 'sudah'),
(19102074, 1, 'sudah'),
(19102184, 1, 'sudah'),
(19102232, 1, 'sudah'),
(19102089, 1, 'sudah'),
(19102275, 1, 'sudah'),
(19102062, 2, 'sudah'),
(19102155, 2, 'sudah'),
(19102186, 1, 'sudah'),
(19102111, 2, 'sudah'),
(19102177, 1, 'sudah'),
(19102060, 2, 'sudah'),
(19102216, 2, 'sudah'),
(19102279, 1, 'sudah'),
(19102206, 2, 'sudah'),
(19102195, 1, 'sudah'),
(19102046, 1, 'sudah'),
(18102105, 1, 'sudah'),
(19102114, 2, 'sudah'),
(19102178, 1, 'sudah'),
(17102061, 1, 'sudah'),
(17102060, 1, 'sudah'),
(18102266, 2, 'sudah'),
(18102264, 1, 'sudah'),
(18102277, 2, 'sudah'),
(19102263, 2, 'sudah'),
(19102126, 1, 'sudah'),
(18102124, 2, 'sudah'),
(17102112, 2, 'sudah'),
(17102103, 1, 'sudah'),
(19102250, 1, 'sudah'),
(18102113, 1, 'sudah'),
(19102214, 2, 'sudah'),
(19102138, 1, 'sudah'),
(16102172, 1, 'sudah'),
(18102284, 1, 'sudah'),
(19102262, 1, 'sudah'),
(18102095, 2, 'sudah'),
(19102271, 1, 'sudah'),
(19102002, 1, 'sudah'),
(17102099, 1, 'sudah'),
(17102130, 1, 'sudah'),
(17102085, 1, 'sudah'),
(17102100, 1, 'sudah'),
(19102165, 2, 'sudah'),
(17102082, 1, 'sudah'),
(17102002, 2, 'sudah'),
(17102038, 1, 'sudah'),
(17102028, 2, 'sudah'),
(17102066, 1, 'sudah'),
(18102288, 2, 'sudah'),
(19102064, 1, 'sudah'),
(19102061, 1, 'sudah'),
(17102190, 2, 'sudah'),
(18102063, 1, 'sudah'),
(18102038, 1, 'sudah'),
(18102052, 1, 'sudah'),
(18102245, 1, 'sudah'),
(17102178, 1, 'sudah'),
(17102167, 1, 'sudah'),
(17102187, 2, 'sudah'),
(19102131, 1, 'sudah'),
(19102015, 2, 'sudah'),
(19102187, 1, 'sudah'),
(19102205, 1, 'sudah'),
(19102056, 2, 'sudah'),
(19102276, 1, 'sudah'),
(19102097, 1, 'sudah'),
(19102018, 1, 'sudah'),
(18102196, 2, 'sudah'),
(18102201, 1, 'sudah'),
(18102198, 1, 'sudah'),
(18102205, 1, 'sudah'),
(17102094, 2, 'sudah'),
(19102231, 1, 'sudah'),
(17102063, 2, 'sudah'),
(18102009, 2, 'sudah'),
(16102188, 2, 'sudah'),
(19102008, 1, 'sudah'),
(19102182, 1, 'sudah'),
(19102246, 1, 'sudah'),
(19102084, 1, 'sudah'),
(19102071, 1, 'sudah'),
(19102035, 1, 'sudah'),
(19102047, 2, 'sudah'),
(18102253, 1, 'sudah'),
(18102229, 1, 'sudah'),
(18102242, 1, 'sudah'),
(17102071, 1, 'sudah');

-- --------------------------------------------------------

--
-- Struktur dari tabel `superadmin`
--

CREATE TABLE IF NOT EXISTS `superadmin` (
  `iduser` varchar(20) COLLATE utf8_unicode_ci NOT NULL,
  `pass` varchar(20) COLLATE utf8_unicode_ci NOT NULL,
  `name` text COLLATE utf8_unicode_ci NOT NULL
) ENGINE=MyISAM DEFAULT CHARSET=utf8 COLLATE=utf8_unicode_ci;

--
-- Dumping data untuk tabel `superadmin`
--

INSERT INTO `superadmin` (`iduser`, `pass`, `name`) VALUES
('superadmin', 'rafianganteng', 'Kemahasiswaan');

-- --------------------------------------------------------

--
-- Struktur dari tabel `user`
--

CREATE TABLE IF NOT EXISTS `user` (
  `id` int(11) NOT NULL,
  `NPM` int(16) NOT NULL,
  `sandi` varchar(20) COLLATE utf8_unicode_ci NOT NULL,
  `nama` varchar(20) COLLATE utf8_unicode_ci NOT NULL,
  `jurusan` enum('IF') COLLATE utf8_unicode_ci NOT NULL
) ENGINE=MyISAM DEFAULT CHARSET=utf8 COLLATE=utf8_unicode_ci;

--
-- Dumping data untuk tabel `user`
--

INSERT INTO `user` (`id`, `NPM`, `sandi`, `nama`, `jurusan`) VALUES
(1, 19102099, '3283', 'ADI WIJAYA', 'IF'),
(1, 19102098, '3669', 'AGATHA FLORINE SARAG', 'IF'),
(1, 19102097, '2772', 'NURUL HIKMAH', 'IF'),
(1, 19102096, '3840', 'FARAH AYU ASHARI HAR', 'IF'),
(1, 19102095, '1686', 'I WAYAN ADITYA PUTRA', 'IF'),
(1, 19102094, '3180', 'ELIZABETH CHRISTINA', 'IF'),
(1, 19102093, '4234', 'KRISTINA NATASIA SIN', 'IF'),
(1, 19102092, '2118', 'MELINTA NURUL ISLAM', 'IF'),
(1, 19102091, '1957', 'SETIAWAN DWI NOVANTO', 'IF'),
(1, 19102090, '1808', 'LORANCE SARAGIH', 'IF'),
(1, 19102089, '3225', 'NABILA YUDIS SETIANI', 'IF'),
(1, 19102088, '4661', 'MUFID AL FIKRI', 'IF'),
(1, 19102087, '2139', 'AJENG AYU SURYANI', 'IF'),
(1, 19102086, '1134', 'RATNA BUDIARTI DWI R', 'IF'),
(1, 19102085, '1668', 'GIGIH ATTAYAUBAN PUR', 'IF'),
(1, 19102084, '1087', 'FARAH SOFIATUL NUR A', 'IF'),
(1, 19102083, '2801', 'REZA IQBAL PRAMUDYA', 'IF'),
(1, 19102082, '4972', 'NAIS EDI PURWOKO', 'IF'),
(1, 19102081, '2107', 'NAFIS FATUR ROHMAN', 'IF'),
(1, 19102080, '2636', 'CAHYA APRILIA PUTRAN', 'IF'),
(1, 19102079, '1834', 'RISA RISKI AMALIA', 'IF'),
(1, 19102078, '3228', 'SATYA NURHUTAMA', 'IF'),
(1, 19102077, '3262', 'HAEKAL SYAHRI AUFA S', 'IF'),
(1, 19102076, '3702', 'ADINDA OLIVIA RAMANU', 'IF'),
(1, 19102075, '1807', 'YURI QOIS DHIYA''UDDI', 'IF'),
(1, 19102074, '3842', 'NAUFAL FAKHRI ZAKARI', 'IF'),
(1, 19102073, '2790', 'NIZAR DHAFIRUL HAMMA', 'IF'),
(1, 19102072, '2481', 'FAISHAL RAIK JANUAR', 'IF'),
(1, 19102071, '3353', 'FAJAR MAULANA', 'IF'),
(1, 19102070, '3305', 'MUHAMMAD MUJI WALUYO', 'IF'),
(1, 19102069, '4735', 'MUCHAMAD SYAFINGI', 'IF'),
(1, 19102068, '3696', 'DEWI LARASAE', 'IF'),
(1, 19102067, '3370', 'NINDITO HERLAMBANG A', 'IF'),
(1, 19102066, '1147', 'MUHAMMAD BRILIANTAMA', 'IF'),
(1, 19102065, '2688', 'ANDRIAWAN FIRMANSYAH', 'IF'),
(1, 19102064, '3570', 'ADELIA SANNOMIYA', 'IF'),
(1, 19102063, '1312', 'MUHAMMAD WILDAN NURF', 'IF'),
(1, 19102062, '1370', 'FARIS ABYAN HARITS', 'IF'),
(1, 19102061, '1260', 'NANDA TRI AYU SETIAN', 'IF'),
(1, 19102060, '4931', 'RINI INDRIYATI', 'IF'),
(1, 19102059, '4525', 'ADITYA AZHAR BAIHAQI', 'IF'),
(1, 19102058, '3197', 'YOHANES BUANA PITANG', 'IF'),
(1, 19102057, '4786', 'IKHFAL FAUZIA RAHMAN', 'IF'),
(1, 19102056, '2475', 'HAVIZH AS HAQ', 'IF'),
(1, 19102055, '3814', 'DAFFA SULTANSYAH', 'IF'),
(1, 19102054, '3498', 'ABIMANYU', 'IF'),
(1, 19102053, '4607', 'EDWIN ADHI WIJAYA', 'IF'),
(1, 19102052, '1788', 'FAHD FEBRI SUBIYANTO', 'IF'),
(1, 19102051, '4711', 'SATRIO DHANAR FATHON', 'IF'),
(1, 19102050, '4205', 'ARRADHIYA SETYO PANG', 'IF'),
(1, 19102049, '2430', 'NANDIA AZZAHRA', 'IF'),
(1, 19102048, '1876', 'DENI PRASETYO', 'IF'),
(1, 19102047, '3148', 'FARHAN RASYID KAMALU', 'IF'),
(1, 19102046, '1146', 'ALVIN BAGAS OCTAVIAN', 'IF'),
(1, 19102045, '3781', 'IQBAL YOGA HUTAMA', 'IF'),
(1, 19102044, '3690', 'MOHAMMAD RIFA''I', 'IF'),
(1, 19102043, '3620', 'FARHAN YUDHA PRATAMA', 'IF'),
(1, 19102042, '4857', 'MARTIN PARHUSIP', 'IF'),
(1, 19102041, '2608', 'MUHAMMAD ALI ABDURRA', 'IF'),
(1, 19102040, '3300', 'SHODIK SETIAWAN', 'IF'),
(1, 19102039, '1268', 'AHUN ISMI AZIZ', 'IF'),
(1, 19102038, '3549', 'KEN BESAR CHANDRA AT', 'IF'),
(1, 19102037, '1203', 'ALWI SAHRUL AL FALAH', 'IF'),
(1, 19102036, '3472', 'RAFY IRFANZA', 'IF'),
(1, 19102035, '4838', 'ENDRO MUHAMMAD AKBAR', 'IF'),
(1, 19102034, '4809', 'RAKHMA YULI AFFIYANT', 'IF'),
(1, 19102033, '4772', 'AGUNG SULISTIONO', 'IF'),
(1, 19102032, '3637', 'TB. AHMAD FADHLAN SH', 'IF'),
(1, 19102031, '4935', 'CANDRA EKA SAPUTRA', 'IF'),
(1, 19102030, '2783', 'NAUFAL FAUZAN DEVA L', 'IF'),
(1, 19102029, '2308', 'ELEVEN PRATAMA SIANI', 'IF'),
(1, 19102028, '4503', 'YEHEZEKIEL RAMASYAH ', 'IF'),
(1, 19102027, '3171', 'ANDINI MULIA KUSUMAN', 'IF'),
(1, 19102026, '1413', 'LUTFIR RAHMAN', 'IF'),
(1, 19102025, '3515', 'INGE AUDRE BARUS', 'IF'),
(1, 19102024, '4330', 'HIKMATUS SHOLEHAH', 'IF'),
(1, 19102023, '4425', 'TIARA PEBRIANA PUTRI', 'IF'),
(1, 19102022, '1511', 'AHMAD RIJAL ARIFIN', 'IF'),
(1, 19102021, '2101', 'IMADUDDIN ZANQI', 'IF'),
(1, 19102020, '4761', 'KHANIF RAHMAH FADHIL', 'IF'),
(1, 19102019, '2977', 'SARI RAHAYU EFFENDI', 'IF'),
(1, 19102018, '3649', 'NORA TRIVETISIA', 'IF'),
(1, 19102017, '1710', 'FADLI GUNAWAN RIZQIA', 'IF'),
(1, 19102016, '4473', 'AGUNG SAPTO HERMAWAN', 'IF'),
(1, 19102015, '3159', 'RISKI FITRIA ARDANU', 'IF'),
(1, 19102014, '3864', 'MUHAMMAD ARI AL GHIF', 'IF'),
(1, 19102013, '3824', 'HOT G N IMANTA SITEP', 'IF'),
(1, 19102012, '3895', 'GUNAWAN HERLAMBANG', 'IF'),
(1, 19102011, '1978', 'BRYAN ADE BANDASO', 'IF'),
(1, 19102010, '2647', 'ARI ANGGARA', 'IF'),
(1, 19102009, '1107', 'RICKY RIDHO OETOMO', 'IF'),
(1, 19102008, '4349', 'JULIAN SAPUTRA', 'IF'),
(1, 19102007, '3959', 'GHUDZAMIR TAKHTA', 'IF'),
(1, 19102006, '4298', 'ASTI DWI SRIPAMUJI', 'IF'),
(1, 19102005, '3153', 'IBROHIM HUZAIMI', 'IF'),
(1, 19102004, '2971', 'DIMAS GUMERANG RYAND', 'IF'),
(1, 19102003, '2961', 'IMADA RAMADHANTI', 'IF'),
(1, 19102002, '4247', 'EKA SUPRIYATI', 'IF'),
(1, 19102001, '2757', 'ALFI ARISANDI', 'IF'),
(1, 18102289, '2976', 'ZIDAN FAIQ', 'IF'),
(1, 18102288, '3432', 'YULIO ALDI WIDARGO', 'IF'),
(1, 18102286, '3575', 'THIRTDO LUTFI ANDREA', 'IF'),
(1, 18102285, '3949', 'SHINE LA YANSENPA PI', 'IF'),
(1, 18102284, '4777', 'ROCHMAT INDRAJAYA', 'IF'),
(1, 18102283, '4768', 'RIO DARMAWAN', 'IF'),
(1, 18102282, '3016', 'RENATA ENJELIN SITUM', 'IF'),
(1, 18102280, '4088', 'PANDU PRAMUDYA', 'IF'),
(1, 18102279, '3675', 'NOVANTRI PRASETYA PU', 'IF'),
(1, 18102278, '4715', 'NADILA DWIYANTI', 'IF'),
(1, 18102277, '4794', 'MUHAMMAD SYANDIKA AD', 'IF'),
(1, 18102276, '1532', 'MUHAMMAD JAUHAR ALFI', 'IF'),
(1, 18102275, '3452', 'MUHAMMAD AQILLA FARR', 'IF'),
(1, 18102274, '3058', 'MOHAMMAD RASAS AUFAR', 'IF'),
(1, 18102273, '2489', 'MELINIA DINI AFRIAN', 'IF'),
(1, 18102272, '4620', 'MALIK DWI EFFENDY', 'IF'),
(1, 18102271, '1427', 'KRISNA SUBARKAH', 'IF'),
(1, 18102270, '4722', 'JENAL ABIDIN', 'IF'),
(1, 18102269, '1088', 'IRFAN RIZQULLOH', 'IF'),
(1, 18102268, '3700', 'HIKMAH SAFITRI', 'IF'),
(1, 18102267, '2150', 'HANNAZIAR OGI FERDIA', 'IF'),
(1, 18102266, '3323', 'GUNTUR SUSANTO PUTRA', 'IF'),
(1, 18102265, '1478', 'FIRHAN', 'IF'),
(1, 18102264, '2610', 'FAIZ RIZQULLAH NAUFA', 'IF'),
(1, 18102263, '1887', 'ERLAN CANDRA HARYANT', 'IF'),
(1, 18102262, '4222', 'DIMAS SEPTIAN PUTRA ', 'IF'),
(1, 18102261, '4474', 'BONITO DIAN PUTRA KA', 'IF'),
(1, 18102260, '1204', 'BAMBANG WIJIYATMOKO', 'IF'),
(1, 18102259, '2814', 'ASHA SEMBIRING', 'IF'),
(1, 18102258, '4649', 'ANISSA SALSABILA', 'IF'),
(1, 18102257, '3758', 'AMAR AZMI BAIHAQI', 'IF'),
(1, 18102255, '3706', 'AGUNG AL RASYID', 'IF'),
(1, 18102254, '4576', 'ADELA PUTRI HANDAYAN', 'IF'),
(1, 18102253, '4646', 'ZHAFIRAH', 'IF'),
(1, 18102252, '3099', 'YULINDA WULAN DANI', 'IF'),
(1, 18102251, '3621', 'WAHYU ARI NURROHMAH', 'IF'),
(1, 18102250, '3496', 'TAUFIK NURHIDAYAH', 'IF'),
(1, 18102249, '4810', 'SATRIA GALANG SAPUTR', 'IF'),
(1, 18102248, '3741', 'RIZQI FADHILLAH OCTA', 'IF'),
(1, 18102247, '4557', 'RIDHA BERLIANNY SULI', 'IF'),
(1, 18102246, '3971', 'REGINA PUTRI WANDA Z', 'IF'),
(1, 18102245, '2367', 'RAFIAN RAMADHANI', 'IF'),
(1, 18102244, '2550', 'NURUL PUSPA HAPSARI', 'IF'),
(1, 18102243, '4517', 'NOVALDY KURNIA PRASE', 'IF'),
(1, 18102242, '1671', 'NADIA AYU ISROH MANI', 'IF'),
(1, 18102241, '2682', 'MUHAMMAD RIF''AT', 'IF'),
(1, 18102240, '2558', 'MUHAMMAD IQBAL FAKHR', 'IF'),
(1, 18102239, '2008', 'MUHAMMAD ALVI AWLIYA', 'IF'),
(1, 18102238, '3997', 'MOHAMMAD ADIYUDHA WI', 'IF'),
(1, 18102237, '3515', 'MAYA NURACHMAWATI AD', 'IF'),
(1, 18102235, '4261', 'JUVANDIO AUFARESA', 'IF'),
(1, 18102234, '1122', 'JEANSY ERLYTA', 'IF'),
(1, 18102233, '2238', 'INTAN AYU INSANI', 'IF'),
(1, 18102232, '2228', 'HERI IRIANTO', 'IF'),
(1, 18102231, '2751', 'HANAN AFIF RAMADHAN', 'IF'),
(1, 18102230, '4541', 'GUNTUR EKI YUSUF PAL', 'IF'),
(1, 18102229, '2315', 'FIRDA MILLENNIANITA', 'IF'),
(1, 18102228, '2054', 'FAIQ ABDULLAH ALFARI', 'IF'),
(1, 18102227, '3871', 'ELVINA BELA TAMIA', 'IF'),
(1, 18102226, '1607', 'DIMAS MULYA PRATAMA', 'IF'),
(1, 18102225, '2254', 'BILLISANY AKHYAR', 'IF'),
(1, 18102224, '4822', 'BAIHAQI ZUHDI PRAMUD', 'IF'),
(1, 18102223, '3384', 'ARYA GESHA PAMANGKIT', 'IF'),
(1, 18102222, '1310', 'ANINDHITA LESTARI', 'IF'),
(1, 18102221, '4351', 'ALYA FANNY DARMAWAN', 'IF'),
(1, 18102220, '4982', 'AJENG RETNO OLIVIA', 'IF'),
(1, 18102219, '1300', 'AGNES NOVIANTA SIGAL', 'IF'),
(1, 18102218, '4637', 'ADE PRASETYO', 'IF'),
(1, 18102217, '1315', 'ZARKASIH AKHMAD', 'IF'),
(1, 18102216, '2010', 'YUDI ABDURRAHMAN', 'IF'),
(1, 18102215, '4862', 'VINNA VISALVA MEGA M', 'IF'),
(1, 18102214, '1979', 'TAUFIK NUR HIDAYAH', 'IF'),
(1, 18102213, '4185', 'SANDI RAMADHAN', 'IF'),
(1, 18102212, '3627', 'RIZKY ISNA NURFAIZAH', 'IF'),
(1, 18102211, '2773', 'RICKO LUIS ANTONIO', 'IF'),
(1, 18102210, '3435', 'REGGY AYUNDA AGUSTIN', 'IF'),
(1, 18102209, '4697', 'RAFI WIKA ANANDA RUM', 'IF'),
(1, 18102208, '4221', 'NURSATIO NUGROHO', 'IF'),
(1, 18102207, '4247', 'NOER HADI WIKANTO', 'IF'),
(1, 18102206, '1334', 'MUZAKKI FAJAR ASY''AR', 'IF'),
(1, 18102205, '3510', 'MUHAMMAD REZA SETIAW', 'IF'),
(1, 18102204, '3965', 'MUHAMMAD IFAN MAULAN', 'IF'),
(1, 18102203, '1766', 'MUHAMMAD ALIF GUSTAV', 'IF'),
(1, 18102201, '3180', 'MAWAR AULIYA INSANI', 'IF'),
(1, 18102200, '3953', 'M. ADHAN HADY SATRIA', 'IF'),
(1, 18102199, '4138', 'JUAN ARTON MASHELI', 'IF'),
(1, 18102198, '2448', 'JANUAR RIZKI NURCAHY', 'IF'),
(1, 18102197, '1243', 'INSYANOFA ABYAN AL-A', 'IF'),
(1, 18102196, '4956', 'HAVINDA ROSITA FARAD', 'IF'),
(1, 18102195, '3620', 'HALIM ALFIDZAR', 'IF'),
(1, 18102194, '4074', 'GHULAM AMMAR YANUAR', 'IF'),
(1, 18102193, '4211', 'FIQIH ANUGERAH PERDA', 'IF'),
(1, 18102192, '4740', 'FAHMY ABDILLAH ARIEF', 'IF'),
(1, 18102191, '2974', 'ELSA PRATIWI', 'IF'),
(1, 18102190, '1344', 'DESI NUR KHASANAH', 'IF'),
(1, 18102189, '3616', 'BELLA SINTA MULIYA', 'IF'),
(1, 18102188, '1082', 'BAGUS INDAR SURYANTO', 'IF'),
(1, 18102187, '4198', 'ARMA TSANI', 'IF'),
(1, 18102186, '3561', 'ANGGER HADIANSYAH', 'IF'),
(1, 18102185, '1057', 'ALWI MAULANA', 'IF'),
(1, 18102184, '2900', 'AJENG FADILA APRILIN', 'IF'),
(1, 18102183, '2518', 'AFIF AMIRUDIN', 'IF'),
(1, 18102182, '1260', 'ADAMRIUS SITUMORANG', 'IF'),
(1, 18102181, '4069', 'ZADITA AWALIA', 'IF'),
(1, 18102180, '1819', 'YOGA INDRA WIJAYA', 'IF'),
(1, 18102179, '4135', 'VIERY FIRJA AZZURY', 'IF'),
(1, 18102178, '3359', 'TAMIA KRISTINA NATAL', 'IF'),
(1, 18102177, '2723', 'SANDI MUJITO', 'IF'),
(1, 18102176, '4434', 'RIZKI SHOLEKHA', 'IF'),
(1, 18102175, '2534', 'REZA DAFFA ABIYYI PU', 'IF'),
(1, 18102174, '3168', 'RAYHAN ALAMSYAH JAYA', 'IF'),
(1, 18102173, '1318', 'RACHMAN NUR HIDAYAT', 'IF'),
(1, 18102172, '3870', 'NURIYSSYIFA RAMADHAN', 'IF'),
(1, 18102171, '3637', 'NIZAR HILMI', 'IF'),
(1, 18102170, '3640', 'MURDIATI', 'IF'),
(1, 18102169, '3650', 'MUHAMMAD NUR RAHMAN', 'IF'),
(1, 18102168, '4449', 'MUHAMMAD HUMAM ZAKY', 'IF'),
(1, 18102167, '3021', 'MUHAMMAD ALI DIKO PU', 'IF'),
(1, 18102166, '2866', 'MOH.AMINULLAH AL FAC', 'IF'),
(1, 18102165, '3375', 'MAULIDYA ANDINI', 'IF'),
(1, 18102163, '3717', 'JOVAN AULLY PRABU', 'IF'),
(1, 18102162, '1250', 'JALU PRASTOWO AGNI', 'IF'),
(1, 18102161, '3146', 'INDRI MONICA CRISTIA', 'IF'),
(1, 18102160, '2006', 'HASNA SHAFA AMALIA', 'IF'),
(1, 18102159, '1867', 'HAIDAR ADI PINULUNG', 'IF'),
(1, 18102158, '2984', 'FRISKA AMALIA', 'IF'),
(1, 18102157, '1018', 'FILZA ELANG BUANA', 'IF'),
(1, 18102155, '4320', 'ELANG FATAHILLAH', 'IF'),
(1, 18102153, '2250', 'BAYU PRIHANDOKO', 'IF'),
(1, 18102152, '3714', 'BAGAS RIZAL NUR AKBA', 'IF'),
(1, 18102151, '3222', 'ARIS RACHMAT FADILLA', 'IF'),
(1, 18102150, '4318', 'ANDI MUH. YUSRAN MAH', 'IF'),
(1, 18102149, '1372', 'ALVAN DEVARA INDRAST', 'IF'),
(1, 18102148, '3277', 'AINUN FATMA ASRIANI', 'IF'),
(1, 18102147, '1225', 'ADZAN BARI NAUFAL', 'IF'),
(1, 18102146, '2088', 'ACHSAN ARIS RAHARJO', 'IF'),
(1, 18102144, '3143', 'YEHEZKIEL NICHOLAS A', 'IF'),
(1, 18102143, '3548', 'VEZA ADILOVIANA', 'IF'),
(1, 18102142, '1432', 'SYAHRUL SAMUDRA', 'IF'),
(1, 18102141, '3649', 'ROSA MUSTIKA DINA', 'IF'),
(1, 18102140, '2002', 'RIZAL ALDIAN DWI ANA', 'IF'),
(1, 18102139, '3948', 'REYNALDO BERLUSKONI ', 'IF'),
(1, 18102138, '1367', 'RAYFA YASHFI PRATAMA', 'IF'),
(1, 18102137, '1516', 'PUSPA WAHYUNINGTIAS', 'IF'),
(1, 18102136, '1383', 'NURFAIZI', 'IF'),
(1, 18102134, '1719', 'MUQOROBIN ZAELANI', 'IF'),
(1, 18102133, '3000', 'MUHAMMAD NUR FAUZI A', 'IF'),
(1, 18102132, '3243', 'MUHAMMAD FAUZI WICAK', 'IF'),
(1, 18102131, '4151', 'MUHAMAD FIKRI', 'IF'),
(1, 18102130, '4263', 'MOH FAUZY RAHMAN', 'IF'),
(1, 18102129, '3534', 'MAULANA ARIF HIDAYAT', 'IF'),
(1, 18102128, '1405', 'LUTFI HANIF IMANNUDI', 'IF'),
(1, 18102127, '1086', 'JODI ADRIAN', 'IF'),
(1, 18102126, '3476', 'ISYA ZEIN ABDILLAH', 'IF'),
(1, 18102125, '1468', 'IFFAN AHMAD NASRULLO', 'IF'),
(1, 18102124, '3322', 'HASNA NUR HANIFAH', 'IF'),
(1, 18102122, '2840', 'FITRIA AISHWARA DAMA', 'IF'),
(1, 18102121, '2192', 'FERRARI ARYA DENAYA ', 'IF'),
(1, 18102120, '2480', 'FADLI RIDWAN', 'IF'),
(1, 18102119, '1316', 'DWIKY BAGUS PRASETYO', 'IF'),
(1, 18102118, '4304', 'DANU ANDRIANTO', 'IF'),
(1, 18102117, '3412', 'BAYU HERLAMBANG', 'IF'),
(1, 18102116, '1260', 'BAGAS PRIHATNOWO', 'IF'),
(1, 18102115, '4812', 'ARIES WIDCAKSONO', 'IF'),
(1, 18102114, '3833', 'ANANDA PANGESTU', 'IF'),
(1, 18102113, '3867', 'ALIP ADHANI', 'IF'),
(1, 18102112, '1372', 'AHMAD FAUZAN NABAWI', 'IF'),
(1, 18102111, '4524', 'ADITYA PRATOMO SUTRI', 'IF'),
(1, 18102110, '1610', 'ABIMANYU MANUSAKERTI', 'IF'),
(1, 18102109, '4243', 'YUSTIKA RAHMA', 'IF'),
(1, 18102108, '3048', 'WIWIT PRASETYO', 'IF'),
(1, 18102107, '3553', 'VERREL FERNANDA ERIE', 'IF'),
(1, 18102106, '2322', 'SULIS ANDRIYANI', 'IF'),
(1, 18102105, '2454', 'RONALD RAIHAN ANDALA', 'IF'),
(1, 18102104, '1087', 'RIYADINNISSA RAHIM M', 'IF'),
(1, 18102102, '1206', 'RAIHAN RAFSANJANI', 'IF'),
(1, 18102101, '2371', 'PRATAMA ILHAM FITRIY', 'IF'),
(1, 18102100, '1324', 'NUR TASYA TAHIR', 'IF'),
(1, 18102099, '2168', 'NAUFINTYA RIZKY BRIL', 'IF'),
(1, 18102098, '1324', 'MUHAMMMAD NUR FIKRI', 'IF'),
(1, 18102097, '1930', 'MUHAMMAD MARIO WIJAT', 'IF'),
(1, 18102096, '3940', 'MUHAMMAD FATHIAKMAL ', 'IF'),
(1, 18102095, '1311', 'MUHAMAD FAJRI', 'IF'),
(1, 18102094, '1647', 'MOH AZHAR ULUM', 'IF'),
(1, 18102093, '3243', 'MATLA LAELI ISMAWATI', 'IF'),
(1, 18102092, '3454', 'LUQMAN FATTAH NADIN', 'IF'),
(1, 18102091, '3914', 'JIHAN RIHADATUL AISY', 'IF'),
(1, 18102090, '4319', 'ISLAMUNA SYIFA QURRO', 'IF'),
(1, 18102089, '3386', 'IBNU KASYFUL HAQ', 'IF'),
(1, 18102088, '4889', 'HASAN NIZAR', 'IF'),
(1, 18102087, '1242', 'GUSTI JAKAWARDHANA', 'IF'),
(1, 18102086, '1148', 'FITRI NURINDAHSARI', 'IF'),
(1, 18102085, '3115', 'FEBRI ARISTA RAHADIA', 'IF'),
(1, 18102084, '3194', 'FADHILAH GUSTI SAFIN', 'IF'),
(1, 18102083, '3774', 'DWI MUFTHI PANGESTI', 'IF'),
(1, 18102082, '4272', 'DAMAR ZAKY MUHAMMAD', 'IF'),
(1, 18102081, '4515', 'BAYU AZRA MAULANA', 'IF'),
(1, 18102080, '2393', 'AUDREY HILLARY', 'IF'),
(1, 18102079, '2270', 'ARDI MURO RAHAYU', 'IF'),
(1, 18102078, '2339', 'AMMAR MUSTHOFA FIRDA', 'IF'),
(1, 18102077, '1433', 'ALIFTA SALMA SHAFIRA', 'IF'),
(1, 18102075, '1306', 'ADITYA PRASETYO', 'IF'),
(1, 18102074, '2296', 'ABDUL MU''MIN', 'IF'),
(1, 18102072, '2077', 'WISANTI', 'IF'),
(1, 18102071, '4169', 'VENNY LAURA DESPHIYA', 'IF'),
(1, 18102069, '3075', 'ROLANITA SCENIC FARA', 'IF'),
(1, 18102068, '2679', 'RIVAN DWI ARHIANSYAH', 'IF'),
(1, 18102065, '2051', 'PARINGGA NAUVALDI AF', 'IF'),
(1, 18102064, '1873', 'NUR RIZKI ADI PRASET', 'IF'),
(1, 18102063, '1860', 'NAUFAL YUSUF KARTIKO', 'IF'),
(1, 18102062, '3586', 'MUHAMMAD YUSRIL ALDE', 'IF'),
(1, 18102061, '1623', 'MUHAMMAD KUKUH WIJAT', 'IF'),
(1, 18102060, '4591', 'MUHAMMAD FAJRIANSYAH', 'IF'),
(1, 18102059, '1681', 'MUHAMAD ALDI HAFIDZU', 'IF'),
(1, 18102058, '3271', 'MISBAHUL HUDA', 'IF'),
(1, 18102057, '3456', 'MARSEL ADENITO RAHAR', 'IF'),
(1, 18102056, '4774', 'LISTYAWATI FITRI NIN', 'IF'),
(1, 18102055, '1642', 'JIDDAN ILHAM PANJIWI', 'IF'),
(1, 18102053, '4720', 'HILMI KAMILIA', 'IF'),
(1, 18102052, '3138', 'HASADA SATRIA PUTRA ', 'IF'),
(1, 18102051, '4939', 'GURUH KURNIAWAN', 'IF'),
(1, 18102050, '4232', 'FIRMANSYAH NURALIF R', 'IF'),
(1, 18102049, '1821', 'FAUZA FIRDHAN FAHMIA', 'IF'),
(1, 18102048, '3557', 'EVAN DWI WAHYU ANGGO', 'IF'),
(1, 18102047, '3918', 'DITYA PUTRI ANGGRAEN', 'IF'),
(1, 18102046, '1376', 'CHRES MELLY OKTAVIA', 'IF'),
(1, 18102045, '4859', 'BAYU ADI PRAYOGO', 'IF'),
(1, 18102044, '4877', 'ASRI RAHMAWATI', 'IF'),
(1, 18102043, '4618', 'APRYLIA', 'IF'),
(1, 18102042, '2728', 'AMIR MAHMUD', 'IF'),
(1, 18102041, '1311', 'ALIF ZAFAR ALKAUTSAR', 'IF'),
(1, 18102040, '4674', 'AGUNG TRI YULIANTO', 'IF'),
(1, 18102039, '4185', 'ADITYA NUGROHO', 'IF'),
(1, 18102038, '4217', 'ABDUL HAFIIDH PRIYAN', 'IF'),
(1, 18102037, '4905', 'ZULFIKAR AJI SAPUTRA', 'IF'),
(1, 18102036, '3264', 'YUNI LARASATI RUSMAD', 'IF'),
(1, 18102034, '2616', 'ULI AHDA RAIHAN', 'IF'),
(1, 18102033, '1311', 'SISKA ENDAH WAHYUNI', 'IF'),
(1, 18102032, '1331', 'ROFI TAUFIQURROHMAN', 'IF'),
(1, 18102031, '1941', 'RIQQAH FADIYAH ALYA', 'IF'),
(1, 18102030, '4290', 'RETA VITANTRI CHERLY', 'IF'),
(1, 18102029, '4082', 'RAFLI MAHADIKA', 'IF'),
(1, 18102028, '3545', 'PANDU SETIAJI', 'IF'),
(1, 18102027, '2967', 'NUR HASANAH', 'IF'),
(1, 18102025, '4983', 'MUHAMMAD ULFIE NAVIS', 'IF'),
(1, 18102024, '4971', 'MUHAMMAD JODIE ''ALLA', 'IF'),
(1, 18102023, '4199', 'MUHAMMAD DAVID HILMA', 'IF'),
(1, 18102022, '4642', 'MUH NUR RACHMAN RAMA', 'IF'),
(1, 18102021, '2184', 'MELKY AGUSTINA SIDAH', 'IF'),
(1, 18102020, '2228', 'MANARUL HIDAYAT', 'IF'),
(1, 18102018, '2858', 'JERRY LASAMA', 'IF'),
(1, 18102017, '1738', 'IRNANDA ADININGSIH', 'IF'),
(1, 18102016, '1387', 'HILLAL AL ROSYID', 'IF'),
(1, 18102015, '4457', 'HAPSARI WARIH UTAMI', 'IF'),
(1, 18102014, '3541', 'GURUH ADI SADANI', 'IF'),
(1, 18102013, '1785', 'FIRMAN PUJI RAHMANTO', 'IF'),
(1, 18102012, '1770', 'FAJAR AL RASYID', 'IF'),
(1, 18102011, '3260', 'EVA RAHMA INDRIYANI', 'IF'),
(1, 18102010, '2543', 'DINA YULIANA', 'IF'),
(1, 18102009, '4129', 'CATUR ADI PAMUNGKAS', 'IF'),
(1, 18102008, '2622', 'BARNES J. MANURUNG', 'IF'),
(1, 18102007, '1761', 'ASHAR NURHERIYANTO', 'IF'),
(1, 18102006, '3308', 'ANJAB IZDIHAR HANISW', 'IF'),
(1, 18102005, '4117', 'AMIN MUSTOFA', 'IF'),
(1, 18102004, '4479', 'ALFIA MAILANI', 'IF'),
(1, 18102003, '1667', 'AGUNG JENI KRISTRIYO', 'IF'),
(1, 18102002, '2187', 'ADITYA BUDI PRASETYO', 'IF'),
(1, 18102001, '3512', 'ABDILLAH IQBAL FIRDA', 'IF'),
(1, 17102192, '2315', 'ZAKY HANIF TESTANDY', 'IF'),
(1, 17102191, '2682', 'WACHID IQBAL MAULANA', 'IF'),
(1, 17102190, '2747', 'THOWAF FUAD HASAN', 'IF'),
(1, 17102189, '1661', 'SURYA ADI WIDIARTO', 'IF'),
(1, 17102188, '4382', 'SANG DARA PARAMESWAR', 'IF'),
(1, 17102187, '4210', 'RIZKA FAYYADHILA', 'IF'),
(1, 17102186, '3098', 'REYVALDY ALFIDA YANU', 'IF'),
(1, 17102185, '1969', 'RADEN NEOMY LUSIE RA', 'IF'),
(1, 17102184, '4924', 'NUGRAHA PRIMANDA ADI', 'IF'),
(1, 17102183, '4593', 'MUHAMMAD HANNAN HUNA', 'IF'),
(1, 17102182, '1632', 'MOHTAR KHOIRUDDIN', 'IF'),
(1, 17102181, '1719', 'MENDI NUROYAN', 'IF'),
(1, 17102180, '4375', 'MA''RUF ALDI OKTAVA', 'IF'),
(1, 17102179, '1477', 'LA ODE HASRUL', 'IF'),
(1, 17102178, '3657', 'JANUR SYAHPUTRA', 'IF'),
(1, 17102177, '2290', 'HASKI PRATOMO', 'IF'),
(1, 17102176, '4680', 'GALIH WAHYU NUR SYAM', 'IF'),
(1, 17102175, '1883', 'FAJAR NUR ROHMAN', 'IF'),
(1, 17102174, '4272', 'DYAH AYU DEWI RIZKY', 'IF'),
(1, 17102173, '1353', 'DIAZ AZTISYAH', 'IF'),
(1, 17102172, '1700', 'DAFFA RIFKY', 'IF'),
(1, 17102171, '4212', 'ARIS RAFAEL TAMBUNAN', 'IF'),
(1, 17102170, '4330', 'ANDYA LESMANA', 'IF'),
(1, 17102169, '2896', 'AINA AZALEA ARDANI', 'IF'),
(1, 17102168, '2243', 'YULI FEBRYANTI', 'IF'),
(1, 17102167, '1604', 'VIDIA SYAHPUTRI', 'IF'),
(1, 17102166, '4003', 'THEO FELIX HARIANTO ', 'IF'),
(1, 17102165, '3679', 'SULTAN RAFI RAIHAN', 'IF'),
(1, 17102163, '2435', 'RIVAL FAHMI HIDAYAT', 'IF'),
(1, 17102162, '2172', 'REYNALDI RIO SAPUTRO', 'IF'),
(1, 17102161, '4489', 'PUTRI ALIMAH', 'IF'),
(1, 17102160, '4758', 'NIZAR TANFIDI ASYHAR', 'IF'),
(1, 17102159, '3428', 'MUHAMMAD FATHAN NURR', 'IF'),
(1, 17102158, '3981', 'MOHAMMAD ADITYA RIFK', 'IF'),
(1, 17102157, '1153', 'MELY SULISTIOWATI', 'IF'),
(1, 17102156, '4368', 'MUHAMMAD ZHAFRAN DWI', 'IF'),
(1, 17102155, '3981', 'KHURUN''AIN MUZAQI', 'IF'),
(1, 17102154, '2111', 'ISNAN YUNUS ALHALIM', 'IF'),
(1, 17102153, '1501', 'HARY INDRA PERMANA', 'IF'),
(1, 17102151, '2076', 'FAHMI MOEARIF', 'IF'),
(1, 17102150, '3570', 'DIVA ADITYA PRATAMA', 'IF'),
(1, 17102149, '4115', 'DIAN FINALIAMARTHA', 'IF'),
(1, 17102145, '4600', 'AHMAD FADHEL HABIBI', 'IF'),
(1, 17102144, '3836', 'YUDHA TRISNAHADI', 'IF'),
(1, 17102143, '4930', 'VICO MEYLANA EKA PUT', 'IF'),
(1, 17102142, '2410', 'THALIA AJENG PURNAMA', 'IF'),
(1, 17102141, '3198', 'SINTIYA', 'IF'),
(1, 17102139, '4553', 'RIO CHAERUDIN', 'IF'),
(1, 17102138, '3113', 'REYFALDI SAMUEL AGUS', 'IF'),
(1, 17102136, '3586', 'NGUMRON MAKMUM', 'IF'),
(1, 17102135, '4231', 'MUHAMMAD FARHANSYAH', 'IF'),
(1, 17102133, '1397', 'MELINDA UTAMI', 'IF'),
(1, 17102132, '4870', 'M.FADJAR AIDIL HASYI', 'IF'),
(1, 17102131, '1568', 'KHOFIFAH PUTRIYANI', 'IF'),
(1, 17102130, '4142', 'ISNAINI RIZKI ATIKA', 'IF'),
(1, 17102129, '4882', 'HARIS PRADANA', 'IF'),
(1, 17102128, '3331', 'FELIA CITRA DWIYANI ', 'IF'),
(1, 17102127, '4478', 'FADLAN SANI MUBAROK', 'IF'),
(1, 17102126, '3833', 'DINDA AULIA GILVANY', 'IF'),
(1, 17102123, '3934', 'ARIF AGUSTYAWAN', 'IF'),
(1, 17102122, '2080', 'ANDI YULIANTO', 'IF'),
(1, 17102120, '4590', 'YAYI SUFIA RAUNA', 'IF'),
(1, 17102119, '4888', 'UMAR RELLA ADHITYA', 'IF'),
(1, 17102118, '3099', 'TAUFIK MAULIDI', 'IF'),
(1, 17102117, '1373', 'SHEREN AFRYAN TIASTA', 'IF'),
(1, 17102116, '3893', 'RUT ELISABETH APRILI', 'IF'),
(1, 17102115, '3953', 'RINDU HAFIL MUHAMMAD', 'IF'),
(1, 17102114, '3207', 'REY ANGGARA', 'IF'),
(1, 17102113, '4961', 'PUAN NADIA AFIFAH', 'IF'),
(1, 17102112, '1114', 'NATHANAEL NOVARIAN', 'IF'),
(1, 17102111, '4701', 'MUHAMMAD FARHAN RAZZ', 'IF'),
(1, 17102110, '2481', 'MOCHAMMAD IQBAL FATR', 'IF'),
(1, 17102109, '4435', 'MELIANA DEWI', 'IF'),
(1, 17102108, '2431', 'LUTFI ISTI QOMAH', 'IF'),
(1, 17102107, '3093', 'KEVIN HEMAS PANGESTU', 'IF'),
(1, 17102106, '2370', 'ILHAM FADHILAH AKBAR', 'IF'),
(1, 17102105, '3168', 'HAPPY YEAR', 'IF'),
(1, 17102104, '4904', 'FATIA RIZKI ANNISA', 'IF'),
(1, 17102103, '3826', 'FADIL AL AFGANI', 'IF'),
(1, 17102102, '2132', 'DIMAS PURWITASARI', 'IF'),
(1, 17102101, '2367', 'DEWO RAJH ARNADA', 'IF'),
(1, 17102100, '3015', 'CAHYANI AINUN AWALIY', 'IF'),
(1, 17102099, '2091', 'ANTYKA SYAHRIAL', 'IF'),
(1, 17102098, '4005', 'AMANAT DIRGANTARA', 'IF'),
(1, 17102097, '4818', 'AGUM EKO PRANOTO', 'IF'),
(1, 17102095, '2510', 'ULUNG PRIYO BINTORO', 'IF'),
(1, 17102094, '3658', 'TASYA SHABRINA SALSA', 'IF'),
(1, 17102093, '3380', 'SHAKTI KESUMA WIBAWA', 'IF'),
(1, 17102092, '2883', 'RONALD DANIEL', 'IF'),
(1, 17102091, '4302', 'RIFKY SYAHREZA FAHLE', 'IF'),
(1, 17102090, '2199', 'RENO AGIL SAPUTRA', 'IF'),
(1, 17102089, '3472', 'PARWITA PUTRI HARDIA', 'IF'),
(1, 17102088, '3927', 'MUTIARA FIRDAUS', 'IF'),
(1, 17102087, '4549', 'MUHAMMAD FAQIH DWI S', 'IF'),
(1, 17102086, '4505', 'MIRZA SAHIL', 'IF'),
(1, 17102085, '3811', 'MELA PURNAMA PUTERI', 'IF'),
(1, 17102084, '3425', 'LULU ANGGRAENI', 'IF'),
(1, 17102083, '4800', 'JOSUA FADLI PANGGABE', 'IF'),
(1, 17102082, '4241', 'IKA RAHMAWATI SUCI', 'IF'),
(1, 17102080, '1219', 'FAQIH ABDILAH AZMI', 'IF'),
(1, 17102078, '3017', 'DIMAS ADIRA WIBISONO', 'IF'),
(1, 17102077, '1883', 'DESI NATALIA BR. SID', 'IF'),
(1, 17102076, '4899', 'BAYU  DAFA MUJO YULI', 'IF'),
(1, 17102075, '1892', 'ANNISA NUGRAHENI', 'IF'),
(1, 17102074, '4127', 'ALYA CAHYANING TYAS', 'IF'),
(1, 17102072, '2138', 'WIWIT FARIANTO', 'IF'),
(1, 17102071, '2759', 'TUFAIL AKHMAD SATRIO', 'IF'),
(1, 17102070, '3473', 'SYINDU IGNANTRI YUST', 'IF'),
(1, 17102069, '2335', 'SETIANA PANGESTUTI', 'IF'),
(1, 17102068, '4716', 'RIZQI MAULANA BAHTIA', 'IF'),
(1, 17102067, '2134', 'RIADI WINDIKA', 'IF'),
(1, 17102066, '4060', 'RENDI PRIAMBODO', 'IF'),
(1, 17102065, '4777', 'PANGGIARTA RINDAH PR', 'IF'),
(1, 17102064, '4277', 'MUHAMMAD IVAN APRILI', 'IF'),
(1, 17102063, '2107', 'MUH. RIFADH MARDIANS', 'IF'),
(1, 17102061, '3275', 'MEGA WAHANA SIBORO', 'IF'),
(1, 17102060, '3608', 'LUKAS ROLAND ISCAM W', 'IF'),
(1, 17102059, '2568', 'JOHANES CHRISTIANTO ', 'IF'),
(1, 17102058, '1589', 'HUSNUL KAUTSAR', 'IF'),
(1, 17102057, '2999', 'HAFIDZ DAFFA HEKMATY', 'IF'),
(1, 17102056, '4768', 'FAKHRI AZMI HUSAINI', 'IF'),
(1, 17102055, '3894', 'ENDAH SIWI CAHYANING', 'IF'),
(1, 17102054, '1126', 'DILLA FEBRIA ELISTY', 'IF'),
(1, 17102052, '1623', 'BAHRI', 'IF'),
(1, 17102051, '4202', 'ANNISA EVA AYUNING T', 'IF'),
(1, 17102050, '1240', 'ALMA ALFIATUL INAYAH', 'IF'),
(1, 17102049, '2567', 'AGHNIA NUR JUMALA', 'IF'),
(1, 17102048, '2458', 'WILLY FEBRIANTO', 'IF'),
(1, 17102047, '2420', 'TRI MEGA ANGGRAENI', 'IF'),
(1, 17102046, '2977', 'SYAHLIANA IQBAL NURH', 'IF'),
(1, 17102045, '4186', 'SEAN REZA ARIENOLA', 'IF'),
(1, 17102044, '3736', 'RIZKY RAMADHAN', 'IF'),
(1, 17102043, '2422', 'RHENI APRILIA NINGRU', 'IF'),
(1, 17102042, '4761', 'RAYHAN HIDAYAT', 'IF'),
(1, 17102041, '1228', 'NURSYIFA APRILLIA PU', 'IF'),
(1, 17102040, '2598', 'MUHAMMAD ISRA MUNTAH', 'IF'),
(1, 17102039, '2510', 'MUH. KHAERUL', 'IF'),
(1, 17102038, '3331', 'MHD RIZAL ALKHAIRI', 'IF'),
(1, 17102037, '1205', 'MARCEL AGUSTINE BACS', 'IF'),
(1, 17102036, '3163', 'LISI REFSILIANA', 'IF'),
(1, 17102035, '3295', 'JINAN GHINIA KHANSA', 'IF'),
(1, 17102034, '3965', 'HUSNI ADI BAKHTIAR', 'IF'),
(1, 17102033, '4077', 'HABIB ALI HABSYI', 'IF'),
(1, 17102032, '3259', 'FAJRIN SEPTIANA NUGR', 'IF'),
(1, 17102031, '1537', 'ELIA SAMUEL', 'IF'),
(1, 17102030, '3931', 'DIDIK PRIYOGA', 'IF'),
(1, 17102028, '4468', 'BAGUS SATRIA PRATAMA', 'IF'),
(1, 17102027, '2908', 'ANITA ROSA', 'IF'),
(1, 17102026, '2922', 'AKHMAD TRIAJI', 'IF'),
(1, 17102025, '1846', 'AFRIZA ALI ZIGHOVIT', 'IF'),
(1, 17102024, '4833', 'WAHYU INDRA YUDA', 'IF'),
(1, 17102023, '4116', 'TITAN DWI FITRIANI', 'IF'),
(1, 17102022, '4593', 'SYAEFUL FAJRI', 'IF'),
(1, 17102021, '3858', 'SARAH NURJIHAN', 'IF'),
(1, 17102020, '2281', 'RIZKY AULIA FANSYURI', 'IF'),
(1, 17102019, '2529', 'REZI IWARDANI SAPUTR', 'IF'),
(1, 17102018, '3508', 'RAFI MUZHAFFAR', 'IF'),
(1, 17102017, '1896', 'NUR KHANIFAH', 'IF'),
(1, 17102016, '3845', 'MUHAMMAD IKRAM SYAIF', 'IF'),
(1, 17102015, '2806', 'MUH. FAIZAL', 'IF'),
(1, 17102014, '2328', 'MEYDIKA CANDRA AJI', 'IF'),
(1, 17102013, '4932', 'MADE RISZA KARTIKA', 'IF'),
(1, 17102012, '2981', 'LINGGA JAMALUDDIN', 'IF'),
(1, 17102011, '2266', 'JHOANNE OCTA STEPHVA', 'IF'),
(1, 17102010, '1953', 'HIKMAH QUDDUSTIANI', 'IF'),
(1, 17102008, '1391', 'FAJAR SULISTIONO', 'IF'),
(1, 17102007, '4687', 'ELEN ARDIYANTO', 'IF'),
(1, 17102005, '3412', 'DANANG WICAKSANA', 'IF'),
(1, 17102004, '3233', 'ARNELKA HANANTA', 'IF'),
(1, 17102003, '3537', 'ANGGA HERNANTO', 'IF'),
(1, 17102002, '2742', 'AKBAR BORNEO DAMMARA', 'IF'),
(1, 17102001, '3902', 'ADAM IKBAL PERDANA', 'IF'),
(1, 16102216, '4433', 'ZALSA DWI NABILLA SA', 'IF'),
(1, 16102215, '1275', 'YOGA DWIARTIKO', 'IF'),
(1, 16102214, '4635', 'WILDANA ALFI ANZAQI', 'IF'),
(1, 16102213, '2867', 'TRI WAHYUDI', 'IF'),
(1, 16102212, '4920', 'SYAIFUL WAHID IMAM S', 'IF'),
(1, 16102211, '3580', 'SHABIHIS YUNIOR TRIC', 'IF'),
(1, 16102210, '2165', 'ROSI NURJANAH', 'IF'),
(1, 16102209, '1184', 'RIO JULISA PURBHANGK', 'IF'),
(1, 16102208, '2570', 'RESTI FEBI ANJANI', 'IF'),
(1, 16102207, '3828', 'RAMADHAN', 'IF'),
(1, 16102206, '4146', 'PARAMASASANKA SANKAL', 'IF'),
(1, 16102205, '3490', 'NUR IKHWANUDIN', 'IF'),
(1, 16102204, '1665', 'MUKHLIS ADHE PURWANT', 'IF'),
(1, 16102202, '1911', 'MUHAMMAD FADIL FADIL', 'IF'),
(1, 16102200, '2414', 'MEI DWILA NAWA SAPTA', 'IF'),
(1, 16102199, '1584', 'LINA NURFADHILLAH', 'IF'),
(1, 16102198, '3901', 'KRISDAYANTI', 'IF'),
(1, 16102197, '1403', 'JULYANA ISLAM KARTIN', 'IF'),
(1, 16102196, '2151', 'IAN APRILIANTO SAID', 'IF'),
(1, 16102195, '4273', 'HALIMATUS SA''DIYAH N', 'IF'),
(1, 16102194, '1433', 'FITRA BAMBANG SUMIYA', 'IF'),
(1, 16102192, '2279', 'FAISAL AMRU', 'IF'),
(1, 16102191, '1079', 'ENDHIKA EMANDA PABEL', 'IF'),
(1, 16102190, '3545', 'DYAH MONIKA ISMAWANT', 'IF'),
(1, 16102188, '3168', 'BUNGA PERMATA SARI', 'IF'),
(1, 16102186, '3427', 'ARDIANSYAH HERMAS KA', 'IF'),
(1, 16102184, '1653', 'ANGGA WIDWAN KRISMAN', 'IF'),
(1, 16102183, '3597', 'AMELIA RAHAYU PRATIW', 'IF'),
(1, 16102182, '3185', 'ALFARIA RIZKI LAILI', 'IF'),
(1, 16102176, '1521', 'SYAFRI PARULIAN IBRA', 'IF'),
(1, 16102175, '3164', 'SEPTIAN BIMO PRATAMA', 'IF'),
(1, 16102174, '3890', 'ROBBY SUNANTIO', 'IF'),
(1, 16102172, '3185', 'REGA MUHAMAD RAMDHAN', 'IF'),
(1, 16102171, '3690', 'RAKA LEGOWO PUTRA', 'IF'),
(1, 16102170, '1497', 'OLVY DIAZ ANNESA', 'IF'),
(1, 16102169, '1070', 'NOOR MAYA SYAMSULIZN', 'IF'),
(1, 16102168, '1160', 'MUHAMMAD YUSUF MAULA', 'IF'),
(1, 16102166, '2476', 'MUHAMMAD ALI AKBAR', 'IF'),
(1, 16102165, '4395', 'MUHAMAD IRFAN RAFI''I', 'IF'),
(1, 16102164, '3109', 'MEGA SETIANI', 'IF'),
(1, 16102163, '3558', 'LIANDA WIDYASARI', 'IF'),
(1, 16102161, '3101', 'JORDAN AMADEUS RAHZE', 'IF'),
(1, 16102160, '2013', 'HILMAN SINGGIH WICAK', 'IF'),
(1, 16102159, '4573', 'GARICHWAN FATHURRAHM', 'IF'),
(1, 16102158, '2213', 'FIKRI HERMAWAN', 'IF'),
(1, 16102157, '2668', 'FAUZI AFIF NEVANDI', 'IF'),
(1, 16102156, '1533', 'FADEL MUHAMMAD LUUAN', 'IF'),
(1, 16102155, '1381', 'ELIZA TYAS DAMAYANTI', 'IF'),
(1, 16102154, '2794', 'DWI RISKIA MAYA SARI', 'IF'),
(1, 16102153, '3566', 'DENDY RAMDANI', 'IF'),
(1, 16102152, '1142', 'BOMA BAYU BASKORO', 'IF'),
(1, 16102151, '4983', 'AWALUDIN ANGGIT BUDI', 'IF'),
(1, 16102150, '3214', 'ARDIANNE LUTHFIKA FA', 'IF'),
(1, 16102149, '1537', 'ANNISA RAHMAWATI', 'IF'),
(1, 16102148, '3686', 'ANDRE PRADIKA EKOPUT', 'IF'),
(1, 16102147, '4372', 'ALPHA RISKI PAJARIAN', 'IF'),
(1, 16102146, '3310', 'ALAM PATRIA UTAMA', 'IF'),
(1, 16102145, '2398', 'AFRILLEBAR PUTRA PRA', 'IF'),
(1, 16102144, '2644', 'YUDA PAUZAN HERMAWAN', 'IF'),
(1, 16102143, '1527', 'YANKOTINU AL QOD''R J', 'IF'),
(1, 16102142, '3415', 'WAHYU RAHMAN PRATAMA', 'IF'),
(1, 16102140, '3173', 'SRI WAHYU RISKIANTI', 'IF'),
(1, 16102139, '1944', 'SALSABILA WIJAYANTI', 'IF'),
(1, 16102138, '2990', 'ROBBY SULISTIYAWAN B', 'IF'),
(1, 16102137, '2606', 'RIDWAN RISANDI', 'IF'),
(1, 16102136, '2832', 'REFRI FORTUNATO', 'IF'),
(1, 16102135, '4077', 'RAJA P. GUNANTARAS', 'IF'),
(1, 16102133, '1987', 'NINDA PUTRI TRISIANA', 'IF'),
(1, 16102132, '1134', 'MUHAMMAD YUSUF MARDI', 'IF'),
(1, 16102131, '3532', 'MUHAMMAD ILHAM HIJRI', 'IF'),
(1, 16102130, '2465', 'MUHAMMAD AFGHAN BAWA', 'IF'),
(1, 16102129, '4018', 'MUH. RAIS SYAMSUL', 'IF'),
(1, 16102128, '1514', 'MAULANA WILLY ISMAIL', 'IF'),
(1, 16102127, '4774', 'LELA SARI KRISTINA', 'IF'),
(1, 16102126, '2687', 'KHALID ABDURRAHMAN', 'IF'),
(1, 16102125, '2328', 'ISTIANA ADESTY', 'IF'),
(1, 16102124, '3043', 'HESA ABDA ARRASYID', 'IF'),
(1, 16102122, '4620', 'FERI HANDOYO', 'IF'),
(1, 16102121, '2735', 'FAUZAN SYAHRUL HIDAY', 'IF'),
(1, 16102120, '4066', 'EZEKIEL PRADIPTA NUR', 'IF'),
(1, 16102119, '4735', 'ELIEN HANJANI PRAMIT', 'IF'),
(1, 16102118, '3282', 'DIMAS IMAM HENDIASID', 'IF'),
(1, 16102117, '2668', 'DAFFA RAMADIGUNA', 'IF'),
(1, 16102116, '4212', 'BAYU MAHESA ADI SURY', 'IF'),
(1, 16102115, '1355', 'ASHWIN NANDA ADITYA', 'IF'),
(1, 16102113, '1749', 'ANJAS ARESTU PRADITH', 'IF'),
(1, 16102112, '3467', 'ANDHIKA PRASETYO UTO', 'IF'),
(1, 16102111, '4994', 'ALMAS ALIYAN WIBOWO', 'IF'),
(1, 16102109, '3116', 'ADINDA MIFTAHUL ILMI', 'IF'),
(1, 16102108, '4656', 'YOSUA AJI SEPTU KUNC', 'IF'),
(1, 16102107, '1789', 'WIWIT SETIOWATI', 'IF'),
(1, 16102106, '3528', 'WAHYU AJI SOFYAN', 'IF'),
(1, 16102105, '4794', 'TAMARA SINATRYA YASM', 'IF'),
(1, 16102104, '4714', 'SOBIRIN', 'IF'),
(1, 16102103, '1782', 'SALMAN PIGI', 'IF'),
(1, 16102102, '1805', 'RISQY SEPTIANA', 'IF'),
(1, 16102101, '4630', 'RIDHO AJI NUR KUSUMA', 'IF'),
(1, 16102100, '3054', 'REFIANI PINTANARUM', 'IF'),
(1, 16102099, '4815', 'RAHMAT SYAM', 'IF'),
(1, 16102098, '4594', 'NURUL MUSTABIRIN', 'IF'),
(1, 16102097, '2825', 'NASHRULLOH KHOIRUZZA', 'IF'),
(1, 16102096, '3076', 'MUHAMMAD USMAN', 'IF'),
(1, 16102094, '2354', 'MUHAMAD ACHYAR', 'IF'),
(1, 16102093, '1253', 'MUFTI WICAKSONO', 'IF'),
(1, 16102092, '2325', 'M. AJI FAIQ RIZQI', 'IF'),
(1, 16102091, '4437', 'LAZUARDI DIMAS ARBIA', 'IF'),
(1, 16102090, '1148', 'KEVIN YOGA PRATAMA', 'IF'),
(1, 16102089, '2232', 'INTAN PERMATA SARI', 'IF'),
(1, 16102088, '1656', 'HAYATUN NAFI''AH', 'IF'),
(1, 16102087, '1479', 'FRANSISCUS OCTAVIANU', 'IF'),
(1, 16102086, '3270', 'FERA AGURINI', 'IF'),
(1, 16102085, '2340', 'FAUZAN BUDI PAMUNGKA', 'IF'),
(1, 16102084, '1006', 'ESRA FIRDAUS GINTING', 'IF'),
(1, 16102083, '2715', 'EKA PUTRI OCTAVIANI ', 'IF'),
(1, 16102082, '2852', 'DIMAS DAMAR GALIH', 'IF'),
(1, 16102081, '3550', 'CHANDRA TYAS LUKITA', 'IF'),
(1, 16102080, '2220', 'BANGKIT WIGUNA', 'IF'),
(1, 16102079, '1643', 'ASHALEA JINGGA VRADI', 'IF'),
(1, 16102078, '3008', 'APRYAN EKO PUJI NUGR', 'IF'),
(1, 16102077, '2926', 'ANGGYTA HANANI RUSYA', 'IF'),
(1, 16102076, '1320', 'ANAS PIASTO MUKTI', 'IF'),
(1, 16102075, '2416', 'ALIFIA ANNISA SELINA', 'IF'),
(1, 16102074, '3851', 'AKHMAD ALAUL HIMAM', 'IF'),
(1, 16102073, '3182', 'ADELIA VEGA PUTRI', 'IF'),
(1, 16102072, '4072', 'YOHANES RICHARDIANTO', 'IF'),
(1, 16102071, '3030', 'WINDIARTI', 'IF'),
(1, 16102069, '2541', 'TALIA LINANGSASI', 'IF'),
(1, 16102066, '2171', 'RISA ERI SUSANTI', 'IF'),
(1, 16102065, '1276', 'REZKY MAULANA', 'IF'),
(1, 16102064, '2829', 'RATRI AYUNITA KINASI', 'IF'),
(1, 16102063, '1623', 'PREMJIT SINGH', 'IF'),
(1, 16102061, '4109', 'NAHDI DUTA AHMAD', 'IF'),
(1, 16102060, '4909', 'MUHAMMAD RIFQI ZAIDA', 'IF'),
(1, 16102059, '1814', 'MUHAMMAD GENTA ARI S', 'IF'),
(1, 16102058, '3460', 'MUHAMMAD ABDULHAFIZH', 'IF'),
(1, 16102057, '4895', 'MOHAMMAD HAFIDZ NIZA', 'IF'),
(1, 16102056, '2087', 'LUTHFI QORY RAHMANI ', 'IF'),
(1, 16102055, '3852', 'LAYLI NUR HIDAYATI', 'IF'),
(1, 16102054, '1313', 'KEVIN OLIFER SIHOMBI', 'IF'),
(1, 16102053, '1283', 'INDAH CAHYANI', 'IF'),
(1, 16102052, '1254', 'HARRY PRATAMA RAMADH', 'IF'),
(1, 16102051, '2748', 'FITRIANI AZIZAH', 'IF'),
(1, 16102050, '1369', 'FEGGY NURREZA', 'IF'),
(1, 16102049, '3007', 'FAJAR PRAYOGI SOFIAN', 'IF'),
(1, 16102048, '4213', 'ERLANGGA PRATAMA PUT', 'IF'),
(1, 16102047, '4841', 'EKA PRASETIYA', 'IF'),
(1, 16102046, '1610', 'DEVANY AYU SANDRA', 'IF'),
(1, 16102045, '3000', 'CECILIA CHARLENE SIA', 'IF'),
(1, 16102044, '3367', 'BAMBANG KRISHNA MURT', 'IF'),
(1, 16102043, '3441', 'ARTIKA CHANDRA HADIA', 'IF'),
(1, 16102042, '3985', 'APRILLIA PUTRI HIDAY', 'IF'),
(1, 16102041, '4748', 'ANGGIT PUJI LIESTARY', 'IF'),
(1, 16102039, '2400', 'ALFISYAH PRISIANDA P', 'IF'),
(1, 16102038, '4717', 'AKBAR MAULANA BAEHAQ', 'IF'),
(1, 16102036, '2303', 'YOHANES ANOM PRATITI', 'IF'),
(1, 16102033, '3274', 'SYUKRON HERDYNAN', 'IF'),
(1, 16102032, '1144', 'SHOOFIYAH', 'IF'),
(1, 16102031, '2815', 'RUDOLF DEKHA SILAEN', 'IF'),
(1, 16102030, '2948', 'RIPTA SEPTIYANA', 'IF'),
(1, 16102029, '2087', 'REYNALDI BAGAS PRATA', 'IF'),
(1, 16102028, '1327', 'RAMADHANI WIJAYANTI', 'IF'),
(1, 16102026, '2920', 'NURFIKA FARAHDI AMAL', 'IF'),
(1, 16102025, '2843', 'NADYA RAHMA LISANTI', 'IF'),
(1, 16102024, '1768', 'MUHAMMAD RAGIL DARMA', 'IF'),
(1, 16102023, '2473', 'MUHAMMAD FAJARIYANDI', 'IF'),
(1, 16102021, '3969', 'MOCHAMAD ALFIN NASA ', 'IF'),
(1, 16102020, '1753', 'LUCKY ANDREAN', 'IF'),
(1, 16102019, '1692', 'KRISNA NUR AJI LAKSO', 'IF'),
(1, 16102018, '4611', 'KATERINA SARI HOPASA', 'IF'),
(1, 16102016, '1148', 'HANIF LUTHFI ANDIKA ', 'IF'),
(1, 16102015, '1502', 'FITRI MERISA', 'IF'),
(1, 16102013, '1006', 'FAJAR ABDURRAHMAN', 'IF'),
(1, 16102012, '3366', 'EPRAVIDITUS PETRA FE', 'IF'),
(1, 16102011, '4702', 'EGI PRANANTA GINTING', 'IF'),
(1, 16102010, '3157', 'DESTA CESARIANDY DWI', 'IF'),
(1, 16102009, '1125', 'CANTONNA DADING BANY', 'IF'),
(1, 16102008, '2062', 'BACHTIAR GILANG RAMA', 'IF'),
(1, 16102007, '1828', 'ARIK IBNU RAKHMAN', 'IF'),
(1, 16102006, '1019', 'ANUGRAH WICAKSONO', 'IF'),
(1, 16102005, '1578', 'ANGGAR RANAWIJAYA', 'IF'),
(1, 16102003, '2812', 'ALFIRA MAHDA RAMADIN', 'IF'),
(1, 16102002, '4844', 'AISYA PUTRI SALEHA', 'IF'),
(1, 16102001, '1127', 'ABDUL ADZIB BUDI HAR', 'IF'),
(1, 15102118, '1182', 'WILLY KURNIAWAN', 'IF'),
(1, 15102116, '1067', 'TRI CAHYO NUGROHO', 'IF'),
(1, 15102115, '2140', 'TEGUH ARIF HIDAYATUL', 'IF'),
(1, 15102114, '1909', 'SUNU WARDONO', 'IF'),
(1, 15102111, '1611', 'RADHITYA IMAN UTAMA', 'IF'),
(1, 15102107, '2897', 'MUHAMMAD AL-FIRMAN M', 'IF'),
(1, 15102106, '4900', 'MUHAMAD BAGUS TRIWIB', 'IF'),
(1, 15102105, '4380', 'MOHAMAD IMADUDIN ABD', 'IF'),
(1, 15102102, '1148', 'LUKMAN ALIMUDIN', 'IF'),
(1, 15102097, '1702', 'GALIH ABDUL FADLIL', 'IF'),
(1, 15102096, '2912', 'FARIS HANIF RAMADHAN', 'IF'),
(1, 15102093, '2320', 'DAVIN PRAMUDYA RAFDI', 'IF'),
(1, 15102091, '1276', 'AZHAR MUHAMMAD JUNDA', 'IF'),
(1, 15102086, '3508', 'ALEXANDRO DM TRG', 'IF'),
(1, 15102084, '2367', 'AHMAD ISMA APRILIANS', 'IF'),
(1, 15102082, '4007', 'ADHITYA PUTRA RAMADH', 'IF'),
(1, 15102070, '3346', 'PHITA AULIA UMMAMI', 'IF'),
(1, 15102069, '2818', 'NOVA SETIA PUTRA UTA', 'IF'),
(1, 15102068, '3726', 'MUHAMMAD RIZAL FIRMA', 'IF'),
(1, 15102055, '1348', 'ERLINDA', 'IF'),
(1, 15102054, '2660', 'DIKA ARDIAN DANANJAY', 'IF'),
(1, 15102053, '4026', 'DAUD FAUZY WIDIYATNO', 'IF'),
(1, 15102050, '3025', 'ARDI JAMHARI', 'IF'),
(1, 15102047, '2778', 'AMALIA NUR FITRIANA', 'IF'),
(1, 15102046, '1630', 'ALEXANDER AGUNG ZULK', 'IF'),
(1, 15102042, '2719', 'ADHI PUTRA WIJAYA', 'IF'),
(1, 15102038, '2501', 'WELLY ANDREAN', 'IF'),
(1, 15102032, '3583', 'RAFLI RAMADHAN', 'IF'),
(1, 15102022, '1357', 'LATIF WINDAR AL ROSY', 'IF'),
(1, 15102021, '3543', 'ILHAM FAUZI', 'IF'),
(1, 15102020, '4535', 'HANIF MUSLIM AZHAR', 'IF'),
(1, 15102019, '1727', 'HAFIZH MUHAMMAD ARKA', 'IF'),
(1, 15102016, '4648', 'EZAR MEGA RISONDANG', 'IF'),
(1, 15102014, '1834', 'DAYA PANGESTU', 'IF'),
(1, 15102013, '3220', 'DANANG PRIAMBODO', 'IF'),
(1, 15102012, '1105', 'BAGUS AJI STEFANY', 'IF'),
(1, 15102008, '1995', 'AMBARWEUNING CHANDRA', 'IF'),
(1, 15102006, '3001', 'ALDI RAKA ADHITYA TE', 'IF'),
(1, 15102005, '2035', 'AHMMAD IQBAL', 'IF'),
(1, 14102080, '1075', 'RAHMAAN AGUNG WICAKS', 'IF'),
(1, 14102068, '3335', 'LUTHFIE AUDITYA AMAR', 'IF'),
(1, 14102063, '2634', 'GUSFIAN AZIZ SULISTI', 'IF'),
(1, 14102039, '2133', 'SANIA ULFA NURFALAH', 'IF'),
(1, 14102025, '1150', 'MAULANA RASTRA YUDHA', 'IF'),
(1, 14102014, '1347', 'BONA PUTRA SEMBIRING', 'IF'),
(1, 14102009, '3875', 'AUFA ILYAS RAMBE', 'IF'),
(1, 13102047, '1266', 'GALIH PRADANA ADI LA', 'IF'),
(1, 13102045, '4012', 'FAJAR IKMALUDIN', 'IF'),
(1, 13102041, '3271', 'DHIEN RANGGA RYANGGA', 'IF'),
(1, 13102037, '1559', 'ANNISA SABRINA', 'IF'),
(1, 13102029, '2616', 'YOSSY OKTAVIANTO EKA', 'IF'),
(1, 13102026, '1930', 'ROSLIDIA ANGGREANI', 'IF'),
(1, 13102023, '4772', 'RAHMAM MANTO', 'IF'),
(1, 13102008, '4896', 'DICKY DEWANTORO', 'IF'),
(1, 13102004, '3011', 'ARIEFIAN MASARDI', 'IF'),
(1, 19102100, '2660', 'KAKA KARSANA NOERHAF', 'IF'),
(1, 19102101, '2342', 'HERSA DWI IKHSANTI', 'IF'),
(1, 19102102, '4200', 'ATTAR REDHA ADIKESUM', 'IF'),
(1, 19102103, '1054', 'FAUZAN TAQIYUDDIN', 'IF'),
(1, 19102104, '4385', 'INDRA AGRISETIA', 'IF'),
(1, 19102105, '1929', 'HIKARI ARDHIANSYA', 'IF'),
(1, 19102106, '4185', 'ADHESTA PRADANA PUTR', 'IF'),
(1, 19102107, '2179', 'DIAH AYU LESTARI', 'IF'),
(1, 19102108, '3736', 'MOCHAMAD IKMAL', 'IF'),
(1, 19102109, '3163', 'YESIKA RIZKI FANITA ', 'IF'),
(1, 19102110, '3069', 'RIDWAN WAHYUDI', 'IF'),
(1, 19102111, '3137', 'SATRIA ARIEF SUPRAHA', 'IF'),
(1, 19102112, '2226', 'BAGUS ANUGRAH', 'IF'),
(1, 19102113, '4184', 'ALFAREZA ANANTA', 'IF'),
(1, 19102114, '4409', 'VINDI EKA SAFITRI', 'IF'),
(1, 19102115, '1034', 'MUHAMMAD HILMI KAFAB', 'IF'),
(1, 19102116, '4571', 'NAFI ILHAM HAMAMI', 'IF'),
(1, 19102117, '3320', 'BAGAS DWI NOVIANTO', 'IF'),
(1, 19102118, '1351', 'AFIF DWI LAKSONO', 'IF'),
(1, 19102119, '1434', 'SEKAR ISNAENI', 'IF'),
(1, 19102120, '4755', 'TANGGUH RIZQI NURWEN', 'IF'),
(1, 19102121, '1350', 'ALIFIA DHIA ABDILLAH', 'IF'),
(1, 19102122, '4465', 'ANDIKA THORIQ TEGAR ', 'IF'),
(1, 19102123, '1396', 'AFIFAH CAHYANINGSIH', 'IF'),
(1, 19102124, '2983', 'EKO YANUARSO BUDI', 'IF'),
(1, 19102125, '3287', 'ARDHIANTO RIFKI PRAT', 'IF'),
(1, 19102126, '4435', 'MUHAMMAD ARIF NASRUL', 'IF'),
(1, 19102127, '3216', 'WIDI AFANDI', 'IF'),
(1, 19102128, '4793', 'MOCHAMMAD BAGUS INSA', 'IF'),
(1, 19102129, '2360', 'ANDIKA BAYU SANTOSO', 'IF'),
(1, 19102130, '2599', 'USAMA WALIYYUDIN', 'IF'),
(1, 19102131, '3932', 'FAVIAN YUMNA FIRJATU', 'IF'),
(1, 19102132, '4898', 'AINUR RAFI RAMDHANI', 'IF'),
(1, 19102133, '2906', 'M ALFU SAOFIQ', 'IF'),
(1, 19102134, '2180', 'SYAH RAFLI RAMADHAN', 'IF'),
(1, 19102135, '4506', 'REZANANDA RIFKY GUNA', 'IF'),
(1, 19102136, '4763', 'M.FIKRI AQSHA ZULFA ', 'IF'),
(1, 19102137, '1954', 'DANA EKO WAHYU PAMBU', 'IF'),
(1, 19102138, '3672', 'FAHRI RIZMAWAN', 'IF'),
(1, 19102139, '2431', 'DHAMARA ALAN CHRISTI', 'IF'),
(1, 19102140, '1412', 'FIKRI ADITYA DWITAMA', 'IF'),
(1, 19102141, '1340', 'AKBAR NUR ICHFAN', 'IF'),
(1, 19102142, '4900', 'RIZAL WAHYUDIANTO', 'IF'),
(1, 19102143, '2088', 'FILFIMO YULFIZ AHSAN', 'IF'),
(1, 19102144, '2216', 'MUHAMMAD RAHAJI JHAE', 'IF'),
(1, 19102145, '3438', 'HERWIN NUR AMRIANSYA', 'IF'),
(1, 19102146, '2462', 'IMAM GHOZALI', 'IF'),
(1, 19102147, '1139', 'KHOLISON ANSHARULLOH', 'IF'),
(1, 19102148, '1687', 'AHMAD FAISHAL FAHRIS', 'IF'),
(1, 19102149, '1518', 'REZA IRFAN WIJAYA', 'IF'),
(1, 19102150, '2729', 'FARAJ AMOER', 'IF'),
(1, 19102151, '2566', 'GERRY CHRISTIAN TAMB', 'IF'),
(1, 19102152, '1229', 'ASLAM HADIL MATIN', 'IF'),
(1, 19102153, '2709', 'MOH.THORIQ AFIF', 'IF'),
(1, 19102154, '3844', 'PANDY AFFAN DAFFAR', 'IF'),
(1, 19102155, '1542', 'SYAHRUL DWIKY RAMADH', 'IF'),
(1, 19102156, '4313', 'DHAFIN RIZQI KAMAL', 'IF'),
(1, 19102157, '1420', 'BAYU SETYAJI', 'IF'),
(1, 19102158, '4513', 'AHMAD SAIFUL HUDA', 'IF'),
(1, 19102159, '4823', 'MUHAMMAD IQBAL AINU ', 'IF'),
(1, 19102160, '1345', 'AMRAN MIKE GILBERT H', 'IF'),
(1, 19102161, '1156', 'SAFIRA SALSABILA ATH', 'IF'),
(1, 19102162, '4141', 'MOH . RACHMAT HIDAYA', 'IF'),
(1, 19102163, '4143', 'BINTARA SATYA BANU W', 'IF'),
(1, 19102164, '4130', 'WAHYU FAJARULOH', 'IF'),
(1, 19102165, '3723', 'THOLUT AMIR FATAH', 'IF'),
(1, 19102166, '1742', 'ALZI MULA BAHARSYAH', 'IF'),
(1, 19102167, '2013', 'ANNISA WAHIDATUN NI''', 'IF'),
(1, 19102168, '4081', 'HIMAWAN PANDU WIJAYA', 'IF'),
(1, 19102169, '4349', 'ISNA WAHYU WIJAKSONO', 'IF'),
(1, 19102170, '3917', 'HABIB MUFTI MUSTOFA', 'IF'),
(1, 19102171, '2823', 'WILDAN MAULANATAMA', 'IF'),
(1, 19102172, '4415', 'SYAEFULLOH ARNAS', 'IF'),
(1, 19102173, '4666', 'ZIDAN HARYANTO', 'IF'),
(1, 19102174, '4548', 'IHSAN NUR RAMADHAN', 'IF'),
(1, 19102175, '4469', 'MAULANA FARIDZAL EKA', 'IF'),
(1, 19102176, '3097', 'GIBRAN MUCHTAZAR. M.', 'IF'),
(1, 19102177, '2490', 'AL MAHESHA LORO SAE', 'IF'),
(1, 19102178, '3528', 'RISANG ABDURRAHMAN G', 'IF'),
(1, 19102179, '2126', 'IMMANUEL LUMBANTOBIN', 'IF'),
(1, 19102180, '4731', 'ANDIKA DWI SANTOSO', 'IF'),
(1, 19102181, '3869', 'BAYU AJI TRIATMOJO R', 'IF'),
(1, 19102182, '3495', 'ULINDA PANGAYOM', 'IF'),
(1, 19102183, '1079', 'ROSTINA', 'IF'),
(1, 19102184, '2233', 'RIZKYNA SEKAR KISVIA', 'IF'),
(1, 19102185, '4477', 'ADMIRAL FAISHAL RAFI', 'IF'),
(1, 19102186, '3678', 'TRISNA KENTI RAHAYU', 'IF'),
(1, 19102187, '4670', 'DIMAS DWI PRIYONO', 'IF'),
(1, 19102188, '3492', 'SALSABILA FIRDA YUNI', 'IF'),
(1, 19102189, '4060', 'MIRANDA DWI FEBRILIA', 'IF'),
(1, 19102190, '4036', 'AKHMAD NUR ALAMSYAH', 'IF'),
(1, 19102191, '1567', 'SYAHRIZA IZATI', 'IF'),
(1, 19102192, '1602', 'ALDONA ANINDITA NUGR', 'IF'),
(1, 19102193, '4944', 'AYUNI OKTAVIANINGRUM', 'IF'),
(1, 19102194, '2543', 'ACHMAD ASNAWI PUTRAY', 'IF'),
(1, 19102195, '1774', 'ALFA HARDIYANSYAH', 'IF'),
(1, 19102196, '3577', 'BAGAS LAZUARDI NUGRO', 'IF'),
(1, 19102197, '4460', 'FAKHRI FEBRIANSYAH', 'IF'),
(1, 19102198, '1868', 'ALFINA MUNAZATI AULI', 'IF'),
(1, 19102199, '1504', 'FIQRY FAHMY DWE FAHR', 'IF'),
(1, 19102200, '2741', 'MOCHAMAD RAVY RASPAT', 'IF'),
(1, 19102201, '3837', 'MUHAMMAD GAHTAN FAWA', 'IF'),
(1, 19102202, '2430', 'ANDI SOEHARTANTO PUT', 'IF'),
(1, 19102203, '4856', 'TASYA ANGGAR ARI KRI', 'IF'),
(1, 19102204, '1064', 'PUTRI NABILAH SARWEN', 'IF'),
(1, 19102205, '3454', 'ISHMAT AZIZ RAMADHAN', 'IF'),
(1, 19102206, '4566', 'SALMA PUSRIWIJAYANTI', 'IF'),
(1, 19102207, '1897', 'WIQIE ANNISA NUR AGA', 'IF'),
(1, 19102208, '2661', 'PUTRI AGUSTYANINGSIH', 'IF'),
(1, 19102209, '1575', 'LAELI LUTFIANA AKSAN', 'IF'),
(1, 19102210, '4360', 'FIRMA MUKARROMAH', 'IF'),
(1, 19102211, '2342', 'FATWA MEILIDYA', 'IF'),
(1, 19102212, '1359', 'RIAS GAURI NURHASANA', 'IF'),
(1, 19102213, '3108', 'ALFI FAIQOH', 'IF'),
(1, 19102214, '1524', 'DWI PUSPA MARTIYANIN', 'IF'),
(1, 19102215, '4498', 'WIDI SETIAWAN', 'IF'),
(1, 19102216, '2609', 'RIZQI JANUAR MUSYAFF', 'IF'),
(1, 19102217, '3982', 'FADJAR ABDULRAHMAN S', 'IF'),
(1, 19102218, '1960', 'VINA AFRILIA KURNIAW', 'IF'),
(1, 19102219, '1403', 'JULIAR MA''ARIF', 'IF'),
(1, 19102220, '2053', 'ADAM GURUN IRHAM', 'IF'),
(1, 19102221, '3690', 'BELLA CANTIKA DEWI N', 'IF'),
(1, 19102222, '2008', 'ASBATH FADIL NURHIDA', 'IF'),
(1, 19102223, '3930', 'MUHAMMAD NUGRAHA PER', 'IF'),
(1, 19102224, '2709', 'ADRIAN KURNIAWAN', 'IF'),
(1, 19102225, '2868', 'CLAUDIA ANGELITA SIA', 'IF'),
(1, 19102226, '3614', 'MUKHAMAD FATKHUL ALL', 'IF'),
(1, 19102227, '1217', 'MUHAMMAD RIZQAN FADH', 'IF'),
(1, 19102228, '3536', 'BENY ALPHON TONDANG', 'IF'),
(1, 19102229, '3159', 'RENDI', 'IF'),
(1, 19102230, '1026', 'KEVIN DWI RIYANTO', 'IF'),
(1, 19102231, '3922', 'MARTINUS REXYFARREL ', 'IF'),
(1, 19102232, '1284', 'ENDANG PUSPITASARI', 'IF'),
(1, 19102233, '3714', 'FERNANDA IMANSYAH', 'IF'),
(1, 19102234, '2445', 'GALUH KUSUMA WARDHAN', 'IF'),
(1, 19102235, '2153', 'VIRGINAWAN ALESSANDR', 'IF'),
(1, 19102236, '1988', 'RR MICHELLE DEWI SAR', 'IF'),
(1, 19102237, '2319', 'AGUNG IRMAN SYAIFUDI', 'IF'),
(1, 19102238, '2642', 'MUSLIMIN DITA HERIAN', 'IF'),
(1, 19102239, '1356', 'CANDRA TAUFIK KUSTIY', 'IF'),
(1, 19102240, '3920', 'ANNIDA NUR ISLAMI', 'IF'),
(1, 19102241, '4399', 'AHMAD RIAU ARDI', 'IF'),
(1, 19102242, '3065', 'DAMIANA TRIVINITA L ', 'IF'),
(1, 19102243, '1093', 'SHALSAHBILLA NAZHIIF', 'IF'),
(1, 19102244, '2921', 'NAWANG ANGGITA WINAN', 'IF'),
(1, 19102245, '1531', 'IHZA LUTFI JUNIARTA', 'IF'),
(1, 19102246, '4814', 'DIFLA MAZIDAH AL ''AR', 'IF'),
(1, 19102247, '1209', 'RAFLI MAULANA FAHRUR', 'IF'),
(1, 19102248, '2051', 'RANGGA NURTA KUSUMAH', 'IF'),
(1, 19102249, '3055', 'NURDIN', 'IF'),
(1, 19102250, '1794', 'SETYAWAN SUROSO', 'IF'),
(1, 19102251, '2584', 'DENIS OKTAWANDIRA', 'IF'),
(1, 19102252, '3599', 'M. ALDI YUDHI PRADAN', 'IF'),
(1, 19102253, '3527', 'AZIZ TRI NUGROHO', 'IF'),
(1, 19102254, '3863', 'OKTAVIA ZULFANTI', 'IF'),
(1, 19102255, '1584', 'IKMAL NAWAWI THOHA', 'IF'),
(1, 19102256, '4618', 'CITRA AYU NINGSIH', 'IF'),
(1, 19102257, '2714', 'IBNU AULIANTO', 'IF'),
(1, 19102258, '2572', 'TALITHA YULISTYA DEW', 'IF'),
(1, 19102259, '1750', 'ANDIKA BINAWAN NORMA', 'IF'),
(1, 19102260, '3636', 'GHOZI ZUFAR MUDHOFFA', 'IF'),
(1, 19102261, '1531', 'SYIFA PUTRI WIDI PRA', 'IF'),
(1, 19102262, '4775', 'BASTIAN ARMANANTA PR', 'IF'),
(1, 19102263, '2118', 'HAFID ARIEF PRASETYO', 'IF'),
(1, 19102264, '1291', 'BAGUS AHMAD SETIAWAN', 'IF'),
(1, 19102265, '2989', 'SOULTAN ALI HADJI', 'IF'),
(1, 19102266, '3376', 'ADHE NUZULA RAMADLAN', 'IF'),
(1, 19102267, '2935', 'HAFIZ IRZA ARYADANA', 'IF'),
(1, 19102268, '1884', 'WIRA KSATRIA DIKA', 'IF'),
(1, 19102269, '3105', 'MEKA PATRICIA MAHARA', 'IF'),
(1, 19102270, '4853', 'AMALIYA HALIMATUS SA', 'IF'),
(1, 19102271, '4848', 'NUR AZIZAH', 'IF'),
(1, 19102272, '4533', 'MUH KHADAVY', 'IF'),
(1, 19102273, '1945', 'ACHMAD DHANY JANNATI', 'IF'),
(1, 19102274, '2812', 'ANDRE CITRO FEBRILIY', 'IF'),
(1, 19102275, '4281', 'ZIDAN YAZID HIMAWAN', 'IF'),
(1, 19102276, '4985', 'TRI WULANDARI UTAMI', 'IF'),
(1, 19102277, '4295', 'ASTIN ASTRIANDARI', 'IF'),
(1, 19102278, '2656', 'SITTI EL-SHAFIRA MUT', 'IF'),
(1, 19102279, '1688', 'SYIFA SALSABILAH', 'IF'),
(1, 19102280, '3412', 'MALDINI PAWA GONZALE', 'IF'),
(1, 19102281, '1986', 'MONICA SAPHIRA MAHAR', 'IF'),
(1, 19102282, '2501', 'ALDI AHMAD FAHRIZI I', 'IF'),
(1, 19102283, '4799', 'REGI APRIANDI', 'IF'),
(1, 19102284, '4462', 'ANNISA DEFITRIANA RI', 'IF'),
(1, 19102285, '2355', 'JAKA LINTANG RAMADHA', 'IF'),
(1, 19102286, '1784', 'RIDO HOT TUA SIMAMOR', 'IF'),
(1, 19102287, '3824', 'HILMAN FAJAR ZAKIRI', 'IF'),
(1, 19102288, '2118', 'TRIAS WIJAKSONO', 'IF'),
(1, 19102289, '1385', 'INDAH NURUL HAYATI', 'IF'),
(1, 19102290, '2325', 'MUHAMMAD ERIS PUMAYO', 'IF'),
(1, 19102291, '1490', 'KRISMAN SINAGA', 'IF'),
(1, 19102292, '4297', 'HISYAM SETIAWAN', 'IF'),
(1, 19102293, '2167', 'KEVIN CHRISTIAN ALEX', 'IF'),
(1, 19102294, '1502', 'ATHA ALANA FARISTIAN', 'IF'),
(1, 19102295, '2026', 'ALFONSUS SIMBOLON', 'IF'),
(1, 19102296, '2765', 'SATRIA NUR SAPUTRO', 'IF'),
(1, 19102297, '3725', 'LIZAMUDDIN AL HASAN', 'IF'),
(1, 19102298, '3202', 'YUSI RAHMAWATI', 'IF'),
(1, 19102299, '1769', 'M.ZULJALALI IKRAM NO', 'IF'),
(1, 19102300, '3398', 'SOPHIA DEO SANDEVA', 'IF'),
(1, 19102301, '3003', 'CHANDRA AYUNDA APTA ', 'IF'),
(1, 19102302, '2670', 'ALDYAS MARCEHELINT', 'IF'),
(1, 19102303, '3572', 'ADITYA RAHMADANI', 'IF');

--
-- Indexes for dumped tables
--

--
-- Indexes for table `admin`
--
ALTER TABLE `admin`
 ADD PRIMARY KEY (`ID`);

--
-- Indexes for table `ca_bem`
--
ALTER TABLE `ca_bem`
 ADD PRIMARY KEY (`no_urut`);

--
-- Indexes for table `ca_hima`
--
ALTER TABLE `ca_hima`
 ADD PRIMARY KEY (`no`);

--
-- Indexes for table `hasil_bem`
--
ALTER TABLE `hasil_bem`
 ADD PRIMARY KEY (`NPM`);

--
-- Indexes for table `hasil_hima`
--
ALTER TABLE `hasil_hima`
 ADD PRIMARY KEY (`NPM`);

--
-- Indexes for table `superadmin`
--
ALTER TABLE `superadmin`
 ADD PRIMARY KEY (`iduser`);

--
-- Indexes for table `user`
--
ALTER TABLE `user`
 ADD PRIMARY KEY (`NPM`);

/*!40101 SET CHARACTER_SET_CLIENT=@OLD_CHARACTER_SET_CLIENT */;
/*!40101 SET CHARACTER_SET_RESULTS=@OLD_CHARACTER_SET_RESULTS */;
/*!40101 SET COLLATION_CONNECTION=@OLD_COLLATION_CONNECTION */;
